-- Наполнение БД с помощью сайта Fulldb

USE metal_archives;

INSERT INTO `countries` (`country`) VALUES ('N/A');
INSERT INTO `countries` (`country`) VALUES ('Afghanistan');
INSERT INTO `countries` (`country`) VALUES ('American Samoa');
INSERT INTO `countries` (`country`) VALUES ('Angola');
INSERT INTO `countries` (`country`) VALUES ('Anguilla');
INSERT INTO `countries` (`country`) VALUES ('Antigua and Barbuda');
INSERT INTO `countries` (`country`) VALUES ('Aruba');
INSERT INTO `countries` (`country`) VALUES ('Bahamas');
INSERT INTO `countries` (`country`) VALUES ('Barbados');
INSERT INTO `countries` (`country`) VALUES ('Belarus');
INSERT INTO `countries` (`country`) VALUES ('Belgium');
INSERT INTO `countries` (`country`) VALUES ('Bhutan');
INSERT INTO `countries` (`country`) VALUES ('Brazil');
INSERT INTO `countries` (`country`) VALUES ('Bulgaria');
INSERT INTO `countries` (`country`) VALUES ('Cambodia');
INSERT INTO `countries` (`country`) VALUES ('Cape Verde');
INSERT INTO `countries` (`country`) VALUES ('Cayman Islands');
INSERT INTO `countries` (`country`) VALUES ('Chad');
INSERT INTO `countries` (`country`) VALUES ('Chile');
INSERT INTO `countries` (`country`) VALUES ('China');
INSERT INTO `countries` (`country`) VALUES ('Christmas Island');
INSERT INTO `countries` (`country`) VALUES ('Cocos (Keeling) Islands');
INSERT INTO `countries` (`country`) VALUES ('Costa Rica');
INSERT INTO `countries` (`country`) VALUES ('Cote d\'Ivoire');
INSERT INTO `countries` (`country`) VALUES ('Croatia');
INSERT INTO `countries` (`country`) VALUES ('Djibouti');
INSERT INTO `countries` (`country`) VALUES ('Dominica');
INSERT INTO `countries` (`country`) VALUES ('Dominican Republic');
INSERT INTO `countries` (`country`) VALUES ('Eritrea');
INSERT INTO `countries` (`country`) VALUES ('Estonia');
INSERT INTO `countries` (`country`) VALUES ('Fiji');
INSERT INTO `countries` (`country`) VALUES ('Finland');
INSERT INTO `countries` (`country`) VALUES ('French Polynesia');
INSERT INTO `countries` (`country`) VALUES ('Gabon');
INSERT INTO `countries` (`country`) VALUES ('Germany');
INSERT INTO `countries` (`country`) VALUES ('Guadeloupe');
INSERT INTO `countries` (`country`) VALUES ('Guernsey');
INSERT INTO `countries` (`country`) VALUES ('Guinea-Bissau');
INSERT INTO `countries` (`country`) VALUES ('Honduras');
INSERT INTO `countries` (`country`) VALUES ('Hungary');
INSERT INTO `countries` (`country`) VALUES ('Iceland');
INSERT INTO `countries` (`country`) VALUES ('Jamaica');
INSERT INTO `countries` (`country`) VALUES ('Jordan');
INSERT INTO `countries` (`country`) VALUES ('Kenya');
INSERT INTO `countries` (`country`) VALUES ('Korea');
INSERT INTO `countries` (`country`) VALUES ('Kuwait');
INSERT INTO `countries` (`country`) VALUES ('Madagascar');
INSERT INTO `countries` (`country`) VALUES ('Malaysia');
INSERT INTO `countries` (`country`) VALUES ('Mali');
INSERT INTO `countries` (`country`) VALUES ('Marshall Islands');
INSERT INTO `countries` (`country`) VALUES ('Mauritania');
INSERT INTO `countries` (`country`) VALUES ('Mongolia');
INSERT INTO `countries` (`country`) VALUES ('Montenegro');
INSERT INTO `countries` (`country`) VALUES ('New Caledonia');
INSERT INTO `countries` (`country`) VALUES ('New Zealand');
INSERT INTO `countries` (`country`) VALUES ('Nicaragua');
INSERT INTO `countries` (`country`) VALUES ('Niger');
INSERT INTO `countries` (`country`) VALUES ('Nigeria');
INSERT INTO `countries` (`country`) VALUES ('Norfolk Island');
INSERT INTO `countries` (`country`) VALUES ('Northern Mariana Islands');
INSERT INTO `countries` (`country`) VALUES ('Norway');
INSERT INTO `countries` (`country`) VALUES ('Pakistan');
INSERT INTO `countries` (`country`) VALUES ('Palau');
INSERT INTO `countries` (`country`) VALUES ('Palestinian Territory');
INSERT INTO `countries` (`country`) VALUES ('Papua New Guinea');
INSERT INTO `countries` (`country`) VALUES ('Paraguay');
INSERT INTO `countries` (`country`) VALUES ('Philippines');
INSERT INTO `countries` (`country`) VALUES ('Pitcairn Islands');
INSERT INTO `countries` (`country`) VALUES ('Puerto Rico');
INSERT INTO `countries` (`country`) VALUES ('Romania');
INSERT INTO `countries` (`country`) VALUES ('Saint Barthelemy');
INSERT INTO `countries` (`country`) VALUES ('Saint Kitts and Nevis');
INSERT INTO `countries` (`country`) VALUES ('Saint V...ent and the Grenadines');
INSERT INTO `countries` (`country`) VALUES ('Samoa');
INSERT INTO `countries` (`country`) VALUES ('Sao Tome and Pr...ipe');
INSERT INTO `countries` (`country`) VALUES ('Serbia');
INSERT INTO `countries` (`country`) VALUES ('Sierra Leone');
INSERT INTO `countries` (`country`) VALUES ('Slovenia');
INSERT INTO `countries` (`country`) VALUES ('South Africa');
INSERT INTO `countries` (`country`) VALUES ('South Georgia and the South Sandwich Islands');
INSERT INTO `countries` (`country`) VALUES ('Sudan');
INSERT INTO `countries` (`country`) VALUES ('Swaziland');
INSERT INTO `countries` (`country`) VALUES ('Sweden');
INSERT INTO `countries` (`country`) VALUES ('Syrian Arab Republic');
INSERT INTO `countries` (`country`) VALUES ('Tajikistan');
INSERT INTO `countries` (`country`) VALUES ('Tanzania');
INSERT INTO `countries` (`country`) VALUES ('Thailand');
INSERT INTO `countries` (`country`) VALUES ('Timor-Leste');
INSERT INTO `countries` (`country`) VALUES ('Togo');
INSERT INTO `countries` (`country`) VALUES ('Tokelau');
INSERT INTO `countries` (`country`) VALUES ('Tonga');
INSERT INTO `countries` (`country`) VALUES ('Trinidad and Tobago');
INSERT INTO `countries` (`country`) VALUES ('United States');
INSERT INTO `countries` (`country`) VALUES ('Uruguay');
INSERT INTO `countries` (`country`) VALUES ('Uzbekistan');
INSERT INTO `countries` (`country`) VALUES ('Venezuela');
INSERT INTO `countries` (`country`) VALUES ('Wallis and Futuna');
INSERT INTO `countries` (`country`) VALUES ('Western Sahara');
INSERT INTO `countries` (`country`) VALUES ('Zambia');
INSERT INTO `countries` (`country`) VALUES ('Zimbabwe');

INSERT INTO `genres` (`genre`) VALUES ('N/A');
INSERT INTO `genres` (`genre`) VALUES ('aliquam');
INSERT INTO `genres` (`genre`) VALUES ('aut');
INSERT INTO `genres` (`genre`) VALUES ('debitis');
INSERT INTO `genres` (`genre`) VALUES ('deserunt Gllj/Rlzp');
INSERT INTO `genres` (`genre`) VALUES ('dicta');
INSERT INTO `genres` (`genre`) VALUES ('dolor');
INSERT INTO `genres` (`genre`) VALUES ('dolorem');
INSERT INTO `genres` (`genre`) VALUES ('est');
INSERT INTO `genres` (`genre`) VALUES ('et');
INSERT INTO `genres` (`genre`) VALUES ('expedita GCNk KJ');
INSERT INTO `genres` (`genre`) VALUES ('illum');
INSERT INTO `genres` (`genre`) VALUES ('idunt');
INSERT INTO `genres` (`genre`) VALUES ('iusto');
INSERT INTO `genres` (`genre`) VALUES ('minima-vmvkk ');
INSERT INTO `genres` (`genre`) VALUES ('molestiae MKBH');
INSERT INTO `genres` (`genre`) VALUES ('nesciunt');
INSERT INTO `genres` (`genre`) VALUES ('optio');
INSERT INTO `genres` (`genre`) VALUES ('quaerat FNNk');
INSERT INTO `genres` (`genre`) VALUES ('quam');
INSERT INTO `genres` (`genre`) VALUES ('qui-Vwqy Kkk');
INSERT INTO `genres` (`genre`) VALUES ('quia');
INSERT INTO `genres` (`genre`) VALUES ('quis');
INSERT INTO `genres` (`genre`) VALUES ('saepe HHu');
INSERT INTO `genres` (`genre`) VALUES ('sapiente');
INSERT INTO `genres` (`genre`) VALUES ('sed/Rufh Cvqdn');
INSERT INTO `genres` (`genre`) VALUES ('sint');
INSERT INTO `genres` (`genre`) VALUES ('soluta');
INSERT INTO `genres` (`genre`) VALUES ('unde');
INSERT INTO `genres` (`genre`) VALUES ('ut');

UPDATE genres SET genre = CONCAT(UCASE(LEFT(genre, 1)), SUBSTRING(genre, 2));

INSERT INTO `lyrical_themes` (`lyrical_theme`) VALUES ('N/A');
INSERT INTO `lyrical_themes` (`lyrical_theme`) VALUES ('alias');
INSERT INTO `lyrical_themes` (`lyrical_theme`) VALUES ('aliquid');
INSERT INTO `lyrical_themes` (`lyrical_theme`) VALUES ('architecto');
INSERT INTO `lyrical_themes` (`lyrical_theme`) VALUES ('asperiores');
INSERT INTO `lyrical_themes` (`lyrical_theme`) VALUES ('aut');
INSERT INTO `lyrical_themes` (`lyrical_theme`) VALUES ('beatae');
INSERT INTO `lyrical_themes` (`lyrical_theme`) VALUES ('commodi');
INSERT INTO `lyrical_themes` (`lyrical_theme`) VALUES ('consequuntur');
INSERT INTO `lyrical_themes` (`lyrical_theme`) VALUES ('corrupti');
INSERT INTO `lyrical_themes` (`lyrical_theme`) VALUES ('dicta');
INSERT INTO `lyrical_themes` (`lyrical_theme`) VALUES ('dolor');
INSERT INTO `lyrical_themes` (`lyrical_theme`) VALUES ('dolore');
INSERT INTO `lyrical_themes` (`lyrical_theme`) VALUES ('dolorem');
INSERT INTO `lyrical_themes` (`lyrical_theme`) VALUES ('doloremque');
INSERT INTO `lyrical_themes` (`lyrical_theme`) VALUES ('eaque');
INSERT INTO `lyrical_themes` (`lyrical_theme`) VALUES ('enim');
INSERT INTO `lyrical_themes` (`lyrical_theme`) VALUES ('est');
INSERT INTO `lyrical_themes` (`lyrical_theme`) VALUES ('et');
INSERT INTO `lyrical_themes` (`lyrical_theme`) VALUES ('eum');
INSERT INTO `lyrical_themes` (`lyrical_theme`) VALUES ('ex');
INSERT INTO `lyrical_themes` (`lyrical_theme`) VALUES ('illo sdweiv');
INSERT INTO `lyrical_themes` (`lyrical_theme`) VALUES ('impedit');
INSERT INTO `lyrical_themes` (`lyrical_theme`) VALUES ('iste');
INSERT INTO `lyrical_themes` (`lyrical_theme`) VALUES ('iure');
INSERT INTO `lyrical_themes` (`lyrical_theme`) VALUES ('laboriosam');
INSERT INTO `lyrical_themes` (`lyrical_theme`) VALUES ('laborum');
INSERT INTO `lyrical_themes` (`lyrical_theme`) VALUES ('libero');
INSERT INTO `lyrical_themes` (`lyrical_theme`) VALUES ('maiores');
INSERT INTO `lyrical_themes` (`lyrical_theme`) VALUES ('minima');
INSERT INTO `lyrical_themes` (`lyrical_theme`) VALUES ('molestias');
INSERT INTO `lyrical_themes` (`lyrical_theme`) VALUES ('neque');
INSERT INTO `lyrical_themes` (`lyrical_theme`) VALUES ('nesciunt fbdfbfber');
INSERT INTO `lyrical_themes` (`lyrical_theme`) VALUES ('odio');
INSERT INTO `lyrical_themes` (`lyrical_theme`) VALUES ('omnis');
INSERT INTO `lyrical_themes` (`lyrical_theme`) VALUES ('optio');
INSERT INTO `lyrical_themes` (`lyrical_theme`) VALUES ('quam');
INSERT INTO `lyrical_themes` (`lyrical_theme`) VALUES ('quas of wMCSJ');
INSERT INTO `lyrical_themes` (`lyrical_theme`) VALUES ('quasi');
INSERT INTO `lyrical_themes` (`lyrical_theme`) VALUES ('quia');
INSERT INTO `lyrical_themes` (`lyrical_theme`) VALUES ('quis');
INSERT INTO `lyrical_themes` (`lyrical_theme`) VALUES ('reprehenderit');
INSERT INTO `lyrical_themes` (`lyrical_theme`) VALUES ('rerum');
INSERT INTO `lyrical_themes` (`lyrical_theme`) VALUES ('saepe');
INSERT INTO `lyrical_themes` (`lyrical_theme`) VALUES ('sit');
INSERT INTO `lyrical_themes` (`lyrical_theme`) VALUES ('soluta in qvfm');
INSERT INTO `lyrical_themes` (`lyrical_theme`) VALUES ('veniam');
INSERT INTO `lyrical_themes` (`lyrical_theme`) VALUES ('veritatis');
INSERT INTO `lyrical_themes` (`lyrical_theme`) VALUES ('voluptatem');
INSERT INTO `lyrical_themes` (`lyrical_theme`) VALUES ('voluptatum');

UPDATE lyrical_themes SET lyrical_theme = CONCAT(UCASE(LEFT(lyrical_theme, 1)), SUBSTRING(lyrical_theme, 2));

INSERT INTO `styles` (`style`) VALUES ('N/A');
INSERT INTO `styles` (`style`) VALUES ('aliquam');
INSERT INTO `styles` (`style`) VALUES ('aspernatur');
INSERT INTO `styles` (`style`) VALUES ('aut');
INSERT INTO `styles` (`style`) VALUES ('autem');
INSERT INTO `styles` (`style`) VALUES ('blanditiis');
INSERT INTO `styles` (`style`) VALUES ('consectetur');
INSERT INTO `styles` (`style`) VALUES ('corporis');
INSERT INTO `styles` (`style`) VALUES ('cumque');
INSERT INTO `styles` (`style`) VALUES ('deserunt');
INSERT INTO `styles` (`style`) VALUES ('dolores');
INSERT INTO `styles` (`style`) VALUES ('dolorum');
INSERT INTO `styles` (`style`) VALUES ('eaque');
INSERT INTO `styles` (`style`) VALUES ('earum');
INSERT INTO `styles` (`style`) VALUES ('eligendi');
INSERT INTO `styles` (`style`) VALUES ('enim');
INSERT INTO `styles` (`style`) VALUES ('eos');
INSERT INTO `styles` (`style`) VALUES ('error');
INSERT INTO `styles` (`style`) VALUES ('est');
INSERT INTO `styles` (`style`) VALUES ('et');
INSERT INTO `styles` (`style`) VALUES ('eveniet');
INSERT INTO `styles` (`style`) VALUES ('excepturi');
INSERT INTO `styles` (`style`) VALUES ('harum');
INSERT INTO `styles` (`style`) VALUES ('inventore');
INSERT INTO `styles` (`style`) VALUES ('ipsa');
INSERT INTO `styles` (`style`) VALUES ('ipsum');
INSERT INTO `styles` (`style`) VALUES ('itaque');
INSERT INTO `styles` (`style`) VALUES ('magni');
INSERT INTO `styles` (`style`) VALUES ('maxime');
INSERT INTO `styles` (`style`) VALUES ('minima');
INSERT INTO `styles` (`style`) VALUES ('molestiae');
INSERT INTO `styles` (`style`) VALUES ('mollitia');
INSERT INTO `styles` (`style`) VALUES ('nesciunt');
INSERT INTO `styles` (`style`) VALUES ('officia');
INSERT INTO `styles` (`style`) VALUES ('officiis');
INSERT INTO `styles` (`style`) VALUES ('omnis');
INSERT INTO `styles` (`style`) VALUES ('perspiciatis');
INSERT INTO `styles` (`style`) VALUES ('provident');
INSERT INTO `styles` (`style`) VALUES ('quaerat');
INSERT INTO `styles` (`style`) VALUES ('quia');
INSERT INTO `styles` (`style`) VALUES ('qui-Dem');
INSERT INTO `styles` (`style`) VALUES ('quis');
INSERT INTO `styles` (`style`) VALUES ('rem');
INSERT INTO `styles` (`style`) VALUES ('saepe');
INSERT INTO `styles` (`style`) VALUES ('sequi');
INSERT INTO `styles` (`style`) VALUES ('ullam');
INSERT INTO `styles` (`style`) VALUES ('ut');
INSERT INTO `styles` (`style`) VALUES ('vitae');
INSERT INTO `styles` (`style`) VALUES ('voluptas');
INSERT INTO `styles` (`style`) VALUES ('vowfh');

UPDATE styles SET style = CONCAT(UCASE(LEFT(style, 1)), SUBSTRING(style, 2));

INSERT INTO `locations` (`country_id`, `location`) VALUES (NULL, 'N/A');
INSERT INTO `locations` (`country_id`, `location`) VALUES ('62', 'Destanymouth');
INSERT INTO `locations` (`country_id`, `location`) VALUES ('45', 'Laurelton');
INSERT INTO `locations` (`country_id`, `location`) VALUES ('62', 'Margaretthaven');
INSERT INTO `locations` (`country_id`, `location`) VALUES ('99', 'West Rosendo');
INSERT INTO `locations` (`country_id`, `location`) VALUES ('36', 'South Neil');
INSERT INTO `locations` (`country_id`, `location`) VALUES ('89', 'Kuphaltown');
INSERT INTO `locations` (`country_id`, `location`) VALUES ('42', 'Lake Annabelle');
INSERT INTO `locations` (`country_id`, `location`) VALUES ('3', 'West Luis');
INSERT INTO `locations` (`country_id`, `location`) VALUES ('6', 'Donatoport');
INSERT INTO `locations` (`country_id`, `location`) VALUES ('61', 'New Ryannmouth');
INSERT INTO `locations` (`country_id`, `location`) VALUES ('4', 'Lake Dusty');
INSERT INTO `locations` (`country_id`, `location`) VALUES ('3', 'Lake Shawnaborough');
INSERT INTO `locations` (`country_id`, `location`) VALUES ('64', 'Bodefort');
INSERT INTO `locations` (`country_id`, `location`) VALUES ('37', 'West Emely');
INSERT INTO `locations` (`country_id`, `location`) VALUES ('8', 'North Georgeland');
INSERT INTO `locations` (`country_id`, `location`) VALUES ('62', 'Hanestad');
INSERT INTO `locations` (`country_id`, `location`) VALUES ('17', 'South Erna');
INSERT INTO `locations` (`country_id`, `location`) VALUES ('39', 'West Mauriceport');
INSERT INTO `locations` (`country_id`, `location`) VALUES ('25', 'East Axelbury');
INSERT INTO `locations` (`country_id`, `location`) VALUES ('84', 'New Kareem');
INSERT INTO `locations` (`country_id`, `location`) VALUES ('4', 'Smithport');
INSERT INTO `locations` (`country_id`, `location`) VALUES ('12', 'North Luna');
INSERT INTO `locations` (`country_id`, `location`) VALUES ('45', 'South Sigridfort');
INSERT INTO `locations` (`country_id`, `location`) VALUES ('23', 'North Pansy');
INSERT INTO `locations` (`country_id`, `location`) VALUES ('21', 'East Jazmynemouth');
INSERT INTO `locations` (`country_id`, `location`) VALUES ('42', 'Jonesburgh');
INSERT INTO `locations` (`country_id`, `location`) VALUES ('72', 'New Estellafort');
INSERT INTO `locations` (`country_id`, `location`) VALUES ('15', 'Aratown');
INSERT INTO `locations` (`country_id`, `location`) VALUES ('16', 'Pr...eville');
INSERT INTO `locations` (`country_id`, `location`) VALUES ('78', 'New Brandi');
INSERT INTO `locations` (`country_id`, `location`) VALUES ('62', 'Garrickberg');
INSERT INTO `locations` (`country_id`, `location`) VALUES ('13', 'McGlynnborough');
INSERT INTO `locations` (`country_id`, `location`) VALUES ('56', 'Lake Yvonne');
INSERT INTO `locations` (`country_id`, `location`) VALUES ('34', 'West Adonisstad');
INSERT INTO `locations` (`country_id`, `location`) VALUES ('39', 'South Josiannebury');
INSERT INTO `locations` (`country_id`, `location`) VALUES ('70', 'Port Claudieberg');
INSERT INTO `locations` (`country_id`, `location`) VALUES ('14', 'North Jayneton');
INSERT INTO `locations` (`country_id`, `location`) VALUES ('75', 'Reingershire');
INSERT INTO `locations` (`country_id`, `location`) VALUES ('89', 'Adellamouth');
INSERT INTO `locations` (`country_id`, `location`) VALUES ('62', 'Annalisebury');
INSERT INTO `locations` (`country_id`, `location`) VALUES ('10', 'Port Rae');
INSERT INTO `locations` (`country_id`, `location`) VALUES ('16', 'O\'Keefeland');
INSERT INTO `locations` (`country_id`, `location`) VALUES ('6', 'East Antoinette');
INSERT INTO `locations` (`country_id`, `location`) VALUES ('54', 'Lake Theodore');
INSERT INTO `locations` (`country_id`, `location`) VALUES ('1', 'New Antoniamouth');
INSERT INTO `locations` (`country_id`, `location`) VALUES ('9', 'North Tiaview');
INSERT INTO `locations` (`country_id`, `location`) VALUES ('99', 'West Franceschester');
INSERT INTO `locations` (`country_id`, `location`) VALUES ('46', 'Annamarietown');
INSERT INTO `locations` (`country_id`, `location`) VALUES ('81', 'Hickletown');
INSERT INTO `locations` (`country_id`, `location`) VALUES ('99', 'South Andrewport');
INSERT INTO `locations` (`country_id`, `location`) VALUES ('22', 'Nitzschetown');
INSERT INTO `locations` (`country_id`, `location`) VALUES ('24', 'North Triston');
INSERT INTO `locations` (`country_id`, `location`) VALUES ('35', 'Treverburgh');
INSERT INTO `locations` (`country_id`, `location`) VALUES ('86', 'North Donnell');
INSERT INTO `locations` (`country_id`, `location`) VALUES ('16', 'Daniellamouth');
INSERT INTO `locations` (`country_id`, `location`) VALUES ('48', 'North Brettown');
INSERT INTO `locations` (`country_id`, `location`) VALUES ('16', 'East Bernitamouth');
INSERT INTO `locations` (`country_id`, `location`) VALUES ('69', 'Port Eliza');
INSERT INTO `locations` (`country_id`, `location`) VALUES ('4', 'Wunschville');
INSERT INTO `locations` (`country_id`, `location`) VALUES ('20', 'North Terrance');
INSERT INTO `locations` (`country_id`, `location`) VALUES ('10', 'North Rolandochester');
INSERT INTO `locations` (`country_id`, `location`) VALUES ('4', 'East Brayan');
INSERT INTO `locations` (`country_id`, `location`) VALUES ('23', 'West Darronton');
INSERT INTO `locations` (`country_id`, `location`) VALUES ('25', 'Port Rhetttown');
INSERT INTO `locations` (`country_id`, `location`) VALUES ('48', 'Vitaview');
INSERT INTO `locations` (`country_id`, `location`) VALUES ('97', 'Leannonville');
INSERT INTO `locations` (`country_id`, `location`) VALUES ('90', 'West Mitchel');
INSERT INTO `locations` (`country_id`, `location`) VALUES ('74', 'Rileyhaven');
INSERT INTO `locations` (`country_id`, `location`) VALUES ('26', 'Enosborough');
INSERT INTO `locations` (`country_id`, `location`) VALUES ('87', 'Port Adahborough');
INSERT INTO `locations` (`country_id`, `location`) VALUES ('79', 'Lake Jude');
INSERT INTO `locations` (`country_id`, `location`) VALUES ('96', 'Lake Elizabethhaven');
INSERT INTO `locations` (`country_id`, `location`) VALUES ('11', 'East Nilsfort');
INSERT INTO `locations` (`country_id`, `location`) VALUES ('80', 'New Jada');
INSERT INTO `locations` (`country_id`, `location`) VALUES ('60', 'East Minastad');
INSERT INTO `locations` (`country_id`, `location`) VALUES ('52', 'New Madgestad');
INSERT INTO `locations` (`country_id`, `location`) VALUES ('64', 'East Kathryne');
INSERT INTO `locations` (`country_id`, `location`) VALUES ('78', 'Sarinatown');
INSERT INTO `locations` (`country_id`, `location`) VALUES ('48', 'Yundtberg');
INSERT INTO `locations` (`country_id`, `location`) VALUES ('84', 'North Steveshire');
INSERT INTO `locations` (`country_id`, `location`) VALUES ('31', 'Luettgenside');
INSERT INTO `locations` (`country_id`, `location`) VALUES ('8', 'Hudsonfurt');
INSERT INTO `locations` (`country_id`, `location`) VALUES ('43', 'East Dougside');
INSERT INTO `locations` (`country_id`, `location`) VALUES ('32', 'North Ladariuston');
INSERT INTO `locations` (`country_id`, `location`) VALUES ('87', 'Summerport');
INSERT INTO `locations` (`country_id`, `location`) VALUES ('52', 'Schowalterland');
INSERT INTO `locations` (`country_id`, `location`) VALUES ('57', 'East Kailyn');
INSERT INTO `locations` (`country_id`, `location`) VALUES ('11', 'New Jessika');
INSERT INTO `locations` (`country_id`, `location`) VALUES ('68', 'Serenitytown');
INSERT INTO `locations` (`country_id`, `location`) VALUES ('30', 'Port Alliefort');
INSERT INTO `locations` (`country_id`, `location`) VALUES ('26', 'Sadyeview');
INSERT INTO `locations` (`country_id`, `location`) VALUES ('13', 'New Alize');
INSERT INTO `locations` (`country_id`, `location`) VALUES ('32', 'Fernberg');
INSERT INTO `locations` (`country_id`, `location`) VALUES ('15', 'McDermottside');
INSERT INTO `locations` (`country_id`, `location`) VALUES ('47', 'Gislasonport');
INSERT INTO `locations` (`country_id`, `location`) VALUES ('50', 'Zoeyside');
INSERT INTO `locations` (`country_id`, `location`) VALUES ('83', 'Turnerville');
INSERT INTO `locations` (`country_id`, `location`) VALUES ('79', 'Malcolmport');
INSERT INTO `locations` (`country_id`, `location`) VALUES ('68', 'Cicerostad');
INSERT INTO `locations` (`country_id`, `location`) VALUES ('67', 'East Arnaldo');
INSERT INTO `locations` (`country_id`, `location`) VALUES ('98', 'Tremblayfurt');
INSERT INTO `locations` (`country_id`, `location`) VALUES ('45', 'Port Nelschester');
INSERT INTO `locations` (`country_id`, `location`) VALUES ('72', 'West Albafurt');
INSERT INTO `locations` (`country_id`, `location`) VALUES ('90', 'Lelahfort');
INSERT INTO `locations` (`country_id`, `location`) VALUES ('20', 'Pagactown');
INSERT INTO `locations` (`country_id`, `location`) VALUES ('4', 'East Destinee');
INSERT INTO `locations` (`country_id`, `location`) VALUES ('51', 'South Daphneberg');
INSERT INTO `locations` (`country_id`, `location`) VALUES ('11', 'East Diegoport');
INSERT INTO `locations` (`country_id`, `location`) VALUES ('80', 'Shayneland');
INSERT INTO `locations` (`country_id`, `location`) VALUES ('23', 'Abbotthaven');
INSERT INTO `locations` (`country_id`, `location`) VALUES ('6', 'Rutherfordburgh');
INSERT INTO `locations` (`country_id`, `location`) VALUES ('68', 'Giovannaburgh');
INSERT INTO `locations` (`country_id`, `location`) VALUES ('13', 'South Jettiestad');
INSERT INTO `locations` (`country_id`, `location`) VALUES ('97', 'Garfieldville');
INSERT INTO `locations` (`country_id`, `location`) VALUES ('89', 'Birdiemouth');
INSERT INTO `locations` (`country_id`, `location`) VALUES ('47', 'East Cameronshire');
INSERT INTO `locations` (`country_id`, `location`) VALUES ('13', 'Port Dayton');
INSERT INTO `locations` (`country_id`, `location`) VALUES ('84', 'West Serenity');
INSERT INTO `locations` (`country_id`, `location`) VALUES ('58', 'Leonelport');
INSERT INTO `locations` (`country_id`, `location`) VALUES ('85', 'Toyport');
INSERT INTO `locations` (`country_id`, `location`) VALUES ('83', 'Revaside');
INSERT INTO `locations` (`country_id`, `location`) VALUES ('55', 'West Felix');
INSERT INTO `locations` (`country_id`, `location`) VALUES ('55', 'East Webster');
INSERT INTO `locations` (`country_id`, `location`) VALUES ('95', 'Elnorahaven');
INSERT INTO `locations` (`country_id`, `location`) VALUES ('70', 'Feeneybury');
INSERT INTO `locations` (`country_id`, `location`) VALUES ('45', 'South Zettaport');
INSERT INTO `locations` (`country_id`, `location`) VALUES ('60', 'Boganborough');
INSERT INTO `locations` (`country_id`, `location`) VALUES ('69', 'Lake Raulburgh');
INSERT INTO `locations` (`country_id`, `location`) VALUES ('50', 'South Dena');
INSERT INTO `locations` (`country_id`, `location`) VALUES ('74', 'North Adalberto');
INSERT INTO `locations` (`country_id`, `location`) VALUES ('82', 'New Mohamedberg');
INSERT INTO `locations` (`country_id`, `location`) VALUES ('13', 'Port Artton');
INSERT INTO `locations` (`country_id`, `location`) VALUES ('78', 'Percychester');
INSERT INTO `locations` (`country_id`, `location`) VALUES ('16', 'Toreyton');
INSERT INTO `locations` (`country_id`, `location`) VALUES ('85', 'South Donny');
INSERT INTO `locations` (`country_id`, `location`) VALUES ('92', 'North Oletamouth');
INSERT INTO `locations` (`country_id`, `location`) VALUES ('25', 'Boganmouth');
INSERT INTO `locations` (`country_id`, `location`) VALUES ('15', 'West Christaport');
INSERT INTO `locations` (`country_id`, `location`) VALUES ('9', 'Port Maia');
INSERT INTO `locations` (`country_id`, `location`) VALUES ('28', 'Vonburgh');
INSERT INTO `locations` (`country_id`, `location`) VALUES ('64', 'New Esperanzafurt');
INSERT INTO `locations` (`country_id`, `location`) VALUES ('92', 'Lake Camronborough');
INSERT INTO `locations` (`country_id`, `location`) VALUES ('10', 'Krajcikmouth');
INSERT INTO `locations` (`country_id`, `location`) VALUES ('87', 'Lake Conniestad');
INSERT INTO `locations` (`country_id`, `location`) VALUES ('80', 'East Sofiafort');
INSERT INTO `locations` (`country_id`, `location`) VALUES ('8', 'New Garretberg');
INSERT INTO `locations` (`country_id`, `location`) VALUES ('50', 'Lubowitzside');
INSERT INTO `locations` (`country_id`, `location`) VALUES ('41', 'Port Mozelle');
INSERT INTO `locations` (`country_id`, `location`) VALUES ('9', 'North Amayaberg');
INSERT INTO `locations` (`country_id`, `location`) VALUES ('22', 'Lake Marciaberg');
INSERT INTO `locations` (`country_id`, `location`) VALUES ('77', 'New Ryanhaven');
INSERT INTO `locations` (`country_id`, `location`) VALUES ('83', 'South Mose');
INSERT INTO `locations` (`country_id`, `location`) VALUES ('55', 'North Arthurbury');
INSERT INTO `locations` (`country_id`, `location`) VALUES ('44', 'Lake Earlinechester');
INSERT INTO `locations` (`country_id`, `location`) VALUES ('7', 'East Ola');
INSERT INTO `locations` (`country_id`, `location`) VALUES ('37', 'Schillerland');
INSERT INTO `locations` (`country_id`, `location`) VALUES ('22', 'West Hayley');
INSERT INTO `locations` (`country_id`, `location`) VALUES ('78', 'West Violetfurt');
INSERT INTO `locations` (`country_id`, `location`) VALUES ('7', 'West Julian');
INSERT INTO `locations` (`country_id`, `location`) VALUES ('22', 'Rodgerville');
INSERT INTO `locations` (`country_id`, `location`) VALUES ('70', 'West Melany');
INSERT INTO `locations` (`country_id`, `location`) VALUES ('77', 'Haileyborough');
INSERT INTO `locations` (`country_id`, `location`) VALUES ('31', 'Port Brannon');
INSERT INTO `locations` (`country_id`, `location`) VALUES ('62', 'West Randy');
INSERT INTO `locations` (`country_id`, `location`) VALUES ('17', 'Port Alexville');
INSERT INTO `locations` (`country_id`, `location`) VALUES ('18', 'Doloresfurt');
INSERT INTO `locations` (`country_id`, `location`) VALUES ('72', 'Port Mariah');
INSERT INTO `locations` (`country_id`, `location`) VALUES ('87', 'Ellenside');
INSERT INTO `locations` (`country_id`, `location`) VALUES ('24', 'Kentonstad');
INSERT INTO `locations` (`country_id`, `location`) VALUES ('55', 'Keeblerside');
INSERT INTO `locations` (`country_id`, `location`) VALUES ('42', 'Mertzfort');
INSERT INTO `locations` (`country_id`, `location`) VALUES ('54', 'South Douglasville');
INSERT INTO `locations` (`country_id`, `location`) VALUES ('32', 'Herzogmouth');
INSERT INTO `locations` (`country_id`, `location`) VALUES ('30', 'Gretchenfort');
INSERT INTO `locations` (`country_id`, `location`) VALUES ('89', 'Anissamouth');
INSERT INTO `locations` (`country_id`, `location`) VALUES ('31', 'Lake Celestino');
INSERT INTO `locations` (`country_id`, `location`) VALUES ('17', 'Abbybury');
INSERT INTO `locations` (`country_id`, `location`) VALUES ('93', 'Karlieton');
INSERT INTO `locations` (`country_id`, `location`) VALUES ('29', 'Vonville');
INSERT INTO `locations` (`country_id`, `location`) VALUES ('96', 'Handfurt');
INSERT INTO `locations` (`country_id`, `location`) VALUES ('39', 'Rathtown');
INSERT INTO `locations` (`country_id`, `location`) VALUES ('56', 'Trebury');
INSERT INTO `locations` (`country_id`, `location`) VALUES ('80', 'New Twila');
INSERT INTO `locations` (`country_id`, `location`) VALUES ('10', 'Beahanside');
INSERT INTO `locations` (`country_id`, `location`) VALUES ('19', 'Port Marcelview');
INSERT INTO `locations` (`country_id`, `location`) VALUES ('4', 'South Koleshire');
INSERT INTO `locations` (`country_id`, `location`) VALUES ('86', 'New Javon');
INSERT INTO `locations` (`country_id`, `location`) VALUES ('88', 'Braunburgh');
INSERT INTO `locations` (`country_id`, `location`) VALUES ('6', 'Murphystad');
INSERT INTO `locations` (`country_id`, `location`) VALUES ('91', 'Lake Allenton');
INSERT INTO `locations` (`country_id`, `location`) VALUES ('92', 'Elwynton');
INSERT INTO `locations` (`country_id`, `location`) VALUES ('32', 'West Dillan');
INSERT INTO `locations` (`country_id`, `location`) VALUES ('60', 'Port Juwan');
INSERT INTO `locations` (`country_id`, `location`) VALUES ('99', 'North Kelsiehaven');
INSERT INTO `locations` (`country_id`, `location`) VALUES ('80', 'Laynehaven');
INSERT INTO `locations` (`country_id`, `location`) VALUES ('77', 'Ashleymouth');
INSERT INTO `locations` (`country_id`, `location`) VALUES ('92', 'Tremblayland');
INSERT INTO `locations` (`country_id`, `location`) VALUES ('28', 'Casperville');
INSERT INTO `locations` (`country_id`, `location`) VALUES ('54', 'North Leathaborough');
INSERT INTO `locations` (`country_id`, `location`) VALUES ('88', 'Ritchiehaven');
INSERT INTO `locations` (`country_id`, `location`) VALUES ('71', 'South Mackenzieburgh');
INSERT INTO `locations` (`country_id`, `location`) VALUES ('65', 'Toniburgh');
INSERT INTO `locations` (`country_id`, `location`) VALUES ('12', 'North Reannahaven');
INSERT INTO `locations` (`country_id`, `location`) VALUES ('49', 'Brownland');
INSERT INTO `locations` (`country_id`, `location`) VALUES ('94', 'West Elisebury');
INSERT INTO `locations` (`country_id`, `location`) VALUES ('83', 'Wiegandberg');
INSERT INTO `locations` (`country_id`, `location`) VALUES ('72', 'Rhiannonburgh');
INSERT INTO `locations` (`country_id`, `location`) VALUES ('26', 'Port Rosellafort');
INSERT INTO `locations` (`country_id`, `location`) VALUES ('37', 'New Sophia');
INSERT INTO `locations` (`country_id`, `location`) VALUES ('62', 'South Eunicetown');
INSERT INTO `locations` (`country_id`, `location`) VALUES ('8', 'Eldorabury');
INSERT INTO `locations` (`country_id`, `location`) VALUES ('99', 'Satterfieldmouth');
INSERT INTO `locations` (`country_id`, `location`) VALUES ('9', 'Lindhaven');
INSERT INTO `locations` (`country_id`, `location`) VALUES ('11', 'Nevaville');
INSERT INTO `locations` (`country_id`, `location`) VALUES ('67', 'Port Elijahbury');
INSERT INTO `locations` (`country_id`, `location`) VALUES ('84', 'Mabelleside');
INSERT INTO `locations` (`country_id`, `location`) VALUES ('45', 'Lake Shaniaside');
INSERT INTO `locations` (`country_id`, `location`) VALUES ('81', 'Schoenburgh');
INSERT INTO `locations` (`country_id`, `location`) VALUES ('80', 'Bertramburgh');
INSERT INTO `locations` (`country_id`, `location`) VALUES ('24', 'East Ofelia');
INSERT INTO `locations` (`country_id`, `location`) VALUES ('39', 'Kochshire');
INSERT INTO `locations` (`country_id`, `location`) VALUES ('63', 'Jamisonstad');
INSERT INTO `locations` (`country_id`, `location`) VALUES ('55', 'Rathport');
INSERT INTO `locations` (`country_id`, `location`) VALUES ('59', 'Wunschmouth');
INSERT INTO `locations` (`country_id`, `location`) VALUES ('92', 'Rudolphmouth');
INSERT INTO `locations` (`country_id`, `location`) VALUES ('38', 'Lake Marleneport');
INSERT INTO `locations` (`country_id`, `location`) VALUES ('52', 'Skylarmouth');
INSERT INTO `locations` (`country_id`, `location`) VALUES ('93', 'Port Alanna');
INSERT INTO `locations` (`country_id`, `location`) VALUES ('48', 'Eveville');
INSERT INTO `locations` (`country_id`, `location`) VALUES ('58', 'North Nolan');
INSERT INTO `locations` (`country_id`, `location`) VALUES ('77', 'Corineview');
INSERT INTO `locations` (`country_id`, `location`) VALUES ('25', 'Wardfort');
INSERT INTO `locations` (`country_id`, `location`) VALUES ('35', 'Billieburgh');
INSERT INTO `locations` (`country_id`, `location`) VALUES ('22', 'Cronafort');
INSERT INTO `locations` (`country_id`, `location`) VALUES ('76', 'Balistrerifurt');
INSERT INTO `locations` (`country_id`, `location`) VALUES ('79', 'Lake Lemueltown');
INSERT INTO `locations` (`country_id`, `location`) VALUES ('43', 'Lake Laurytown');
INSERT INTO `locations` (`country_id`, `location`) VALUES ('85', 'East Cleve');
INSERT INTO `locations` (`country_id`, `location`) VALUES ('56', 'Isaiahtown');
INSERT INTO `locations` (`country_id`, `location`) VALUES ('87', 'Gottliebberg');
INSERT INTO `locations` (`country_id`, `location`) VALUES ('57', 'West Baileetown');
INSERT INTO `locations` (`country_id`, `location`) VALUES ('71', 'South Andreane');
INSERT INTO `locations` (`country_id`, `location`) VALUES ('26', 'Maryjaneville');
INSERT INTO `locations` (`country_id`, `location`) VALUES ('94', 'Port Jacefort');
INSERT INTO `locations` (`country_id`, `location`) VALUES ('31', 'Lake Vilmaside');
INSERT INTO `locations` (`country_id`, `location`) VALUES ('18', 'Bartonchester');
INSERT INTO `locations` (`country_id`, `location`) VALUES ('2', 'East Camillaview');
INSERT INTO `locations` (`country_id`, `location`) VALUES ('5', 'South Alessandro');
INSERT INTO `locations` (`country_id`, `location`) VALUES ('49', 'Lucyside');
INSERT INTO `locations` (`country_id`, `location`) VALUES ('32', 'South Fannieburgh');
INSERT INTO `locations` (`country_id`, `location`) VALUES ('54', 'Lebsackbury');
INSERT INTO `locations` (`country_id`, `location`) VALUES ('49', 'O\'Reillyton');
INSERT INTO `locations` (`country_id`, `location`) VALUES ('39', 'Jaylonport');
INSERT INTO `locations` (`country_id`, `location`) VALUES ('85', 'South Anissa');
INSERT INTO `locations` (`country_id`, `location`) VALUES ('81', 'Herzogland');
INSERT INTO `locations` (`country_id`, `location`) VALUES ('99', 'East Sydneemouth');
INSERT INTO `locations` (`country_id`, `location`) VALUES ('57', 'Hubertfurt');
INSERT INTO `locations` (`country_id`, `location`) VALUES ('70', 'East Yadirashire');
INSERT INTO `locations` (`country_id`, `location`) VALUES ('41', 'Deckowville');
INSERT INTO `locations` (`country_id`, `location`) VALUES ('32', 'South Ronfort');
INSERT INTO `locations` (`country_id`, `location`) VALUES ('56', 'Zeldafort');
INSERT INTO `locations` (`country_id`, `location`) VALUES ('6', 'Zionchester');
INSERT INTO `locations` (`country_id`, `location`) VALUES ('63', 'North Ottilie');
INSERT INTO `locations` (`country_id`, `location`) VALUES ('78', 'Lake Mario');
INSERT INTO `locations` (`country_id`, `location`) VALUES ('32', 'Rosstown');
INSERT INTO `locations` (`country_id`, `location`) VALUES ('44', 'East Karine');
INSERT INTO `locations` (`country_id`, `location`) VALUES ('49', 'Abdulview');
INSERT INTO `locations` (`country_id`, `location`) VALUES ('56', 'New Vallie');
INSERT INTO `locations` (`country_id`, `location`) VALUES ('7', 'New Kayastad');
INSERT INTO `locations` (`country_id`, `location`) VALUES ('80', 'North Brigitte');
INSERT INTO `locations` (`country_id`, `location`) VALUES ('68', 'New Derrick');
INSERT INTO `locations` (`country_id`, `location`) VALUES ('54', 'Kiehnshire');
INSERT INTO `locations` (`country_id`, `location`) VALUES ('12', 'Donnellychester');
INSERT INTO `locations` (`country_id`, `location`) VALUES ('24', 'North Leorahaven');
INSERT INTO `locations` (`country_id`, `location`) VALUES ('67', 'Wintheisershire');
INSERT INTO `locations` (`country_id`, `location`) VALUES ('43', 'Weimannfurt');
INSERT INTO `locations` (`country_id`, `location`) VALUES ('33', 'Bartolettiland');
INSERT INTO `locations` (`country_id`, `location`) VALUES ('42', 'Tevinfurt');
INSERT INTO `locations` (`country_id`, `location`) VALUES ('95', 'East Mavis');
INSERT INTO `locations` (`country_id`, `location`) VALUES ('49', 'South Kamilleview');
INSERT INTO `locations` (`country_id`, `location`) VALUES ('25', 'Bodeshire');
INSERT INTO `locations` (`country_id`, `location`) VALUES ('41', 'Lake D\'angelo');
INSERT INTO `locations` (`country_id`, `location`) VALUES ('5', 'Mrazshire');
INSERT INTO `locations` (`country_id`, `location`) VALUES ('50', 'Cassandrechester');
INSERT INTO `locations` (`country_id`, `location`) VALUES ('83', 'West Zachery');
INSERT INTO `locations` (`country_id`, `location`) VALUES ('83', 'Port Monserrat');
INSERT INTO `locations` (`country_id`, `location`) VALUES ('86', 'Pagacton');
INSERT INTO `locations` (`country_id`, `location`) VALUES ('95', 'Santinaville');
INSERT INTO `locations` (`country_id`, `location`) VALUES ('21', 'Labadieton');
INSERT INTO `locations` (`country_id`, `location`) VALUES ('38', 'North Kyleighport');
INSERT INTO `locations` (`country_id`, `location`) VALUES ('97', 'New Daphnee');
INSERT INTO `locations` (`country_id`, `location`) VALUES ('67', 'Wehnershire');
INSERT INTO `locations` (`country_id`, `location`) VALUES ('2', 'Samantaburgh');
INSERT INTO `locations` (`country_id`, `location`) VALUES ('10', 'Allenfort');
INSERT INTO `locations` (`country_id`, `location`) VALUES ('13', 'Jacobsonbury');
INSERT INTO `locations` (`country_id`, `location`) VALUES ('43', 'Lake Pearl');
INSERT INTO `locations` (`country_id`, `location`) VALUES ('91', 'Hesselview');
INSERT INTO `locations` (`country_id`, `location`) VALUES ('94', 'O\'Connellborough');
INSERT INTO `locations` (`country_id`, `location`) VALUES ('13', 'Lake Arlenehaven');

INSERT INTO `labels` (`country_id`, `status_label_id`, `label_name`, `adress`, `email`, `phone`, `founding_date`, `notes`, `online_shopping`, `website_link`, `logo_image_link`) VALUES (NULL, NULL, 'Independent', NULL, NULL, NULL, NULL, NULL, NULL, NULL, NULL);
INSERT INTO `labels` (`country_id`, `status_label_id`, `label_name`, `adress`, `email`, `phone`, `founding_date`, `notes`, `online_shopping`, `website_link`, `logo_image_link`) VALUES ('41', '3', 'quo', '869 Alexis Tunnel\nPort Gussieland, MT 48971', 'botsford.dante@example.net', '', '2002', 'Quas ullam corporis tenetur earum et. Unde porro voluptatem mollitia. Omnis consequatur nihil est culpa quia blanditiis. Quod amet magnam ea.', 'No', 'http://www.stracke.biz/', '');
INSERT INTO `labels` (`country_id`, `status_label_id`, `label_name`, `adress`, `email`, `phone`, `founding_date`, `notes`, `online_shopping`, `website_link`, `logo_image_link`) VALUES ('63', '3', 'ipsa', '02095 Langosh Crescent\nRosalindaside, IN 97702-547', 'imosciski@example.com', '04491921176', '1971', '', 'No', 'http://jaskolski.org/', 'http://cummerata.com/');
INSERT INTO `labels` (`country_id`, `status_label_id`, `label_name`, `adress`, `email`, `phone`, `founding_date`, `notes`, `online_shopping`, `website_link`, `logo_image_link`) VALUES ('64', '2', 'ut', '', 'vcasper@example.com', '', '0000', '', 'Yes', 'http://schuppenolan.com/', 'http://www.thompsonwilliamson.com/');
INSERT INTO `labels` (`country_id`, `status_label_id`, `label_name`, `adress`, `email`, `phone`, `founding_date`, `notes`, `online_shopping`, `website_link`, `logo_image_link`) VALUES ('98', '3', 'tempora', '', '', '056-811-8641', '0000', '', 'N/A', '', '');
INSERT INTO `labels` (`country_id`, `status_label_id`, `label_name`, `adress`, `email`, `phone`, `founding_date`, `notes`, `online_shopping`, `website_link`, `logo_image_link`) VALUES ('21', '1', 'enim', '537 Cielo Plains\nNew Reilly, IA 64010', '', '(664)549-3484x76520', '0000', '', 'N/A', '', '');
INSERT INTO `labels` (`country_id`, `status_label_id`, `label_name`, `adress`, `email`, `phone`, `founding_date`, `notes`, `online_shopping`, `website_link`, `logo_image_link`) VALUES ('36', '4', 'in', '', '', '', '0000', 'Est tempora maiores quia ad eaque molestiae. Consequatur est asperiores quis cum dolor id eum. Qui qui saepe veritatis. Et maiores commodi sint consectetur.', 'No', '', '');
INSERT INTO `labels` (`country_id`, `status_label_id`, `label_name`, `adress`, `email`, `phone`, `founding_date`, `notes`, `online_shopping`, `website_link`, `logo_image_link`) VALUES ('8', '3', 'minima', '', '', '(604)829-3832', '1982', '', 'Yes', 'http://www.quitzon.com/', 'http://www.kochebert.org/');
INSERT INTO `labels` (`country_id`, `status_label_id`, `label_name`, `adress`, `email`, `phone`, `founding_date`, `notes`, `online_shopping`, `website_link`, `logo_image_link`) VALUES ('49', '3', 'ut', '8294 Wilkinson Shores\nDrewbury, KY 38088-0844', '', '', '1992', 'Sit deserunt...idunt quasi autem pariatur aut. Sed doloribus rerum dolor modi.', 'No', '', 'http://homenick.org/');
INSERT INTO `labels` (`country_id`, `status_label_id`, `label_name`, `adress`, `email`, `phone`, `founding_date`, `notes`, `online_shopping`, `website_link`, `logo_image_link`) VALUES ('93', '2', 'veniam', '559 Ebert Park Suite 231\nSavanahview, SD 95072', '', '', '1983', '', 'N/A', 'http://russelrobel.com/', 'http://www.fisher.com/');
INSERT INTO `labels` (`country_id`, `status_label_id`, `label_name`, `adress`, `email`, `phone`, `founding_date`, `notes`, `online_shopping`, `website_link`, `logo_image_link`) VALUES ('36', '4', 'quos', '546 Hester Common\nNew Jairochester, AR 45644-7134', 'rcasper@example.net', '', '2004', '', 'Yes', '', '');
INSERT INTO `labels` (`country_id`, `status_label_id`, `label_name`, `adress`, `email`, `phone`, `founding_date`, `notes`, `online_shopping`, `website_link`, `logo_image_link`) VALUES ('84', '2', 'laboriosam', '', 'hcruickshank@example.org', '063-879-1455', '1978', 'Dolores enim ipsum ut omnis debitis et quia ad. Qui quis debitis sit dignissimos. Totam totam velit asperiores velit voluptas qui.', 'N/A', 'http://beckermedhurst.com/', '');
INSERT INTO `labels` (`country_id`, `status_label_id`, `label_name`, `adress`, `email`, `phone`, `founding_date`, `notes`, `online_shopping`, `website_link`, `logo_image_link`) VALUES ('46', '4', 'blanditiis', '', 'forrest54@example.com', '884-903-5186x98409', '0000', '', 'N/A', 'http://www.barton.biz/', 'http://www.hartmann.biz/');
INSERT INTO `labels` (`country_id`, `status_label_id`, `label_name`, `adress`, `email`, `phone`, `founding_date`, `notes`, `online_shopping`, `website_link`, `logo_image_link`) VALUES ('72', '3', 'et', '', 'cathryn.lehner@example.net', '154-226-8995x281', '0000', 'Consectetur pariatur dolor ut saepe quis. Consequatur occaecati doloribus facilis consequuntur aspernatur a. Ex consequuntur vitae voluptas voluptas dolores. Ea minus nihil molestias sequi cumque repellendus ab.', 'N/A', '', 'http://raucollier.info/');
INSERT INTO `labels` (`country_id`, `status_label_id`, `label_name`, `adress`, `email`, `phone`, `founding_date`, `notes`, `online_shopping`, `website_link`, `logo_image_link`) VALUES ('88', '2', 'itaque', '', '', '', '0000', '', 'Yes', '', '');
INSERT INTO `labels` (`country_id`, `status_label_id`, `label_name`, `adress`, `email`, `phone`, `founding_date`, `notes`, `online_shopping`, `website_link`, `logo_image_link`) VALUES ('80', '3', 'deleniti', '86071 Ned Pike\nChristiansentown, OH 40644-1532', 'marisa.moen@example.net', '', '2008', '', 'No', '', 'http://www.whitetorphy.com/');
INSERT INTO `labels` (`country_id`, `status_label_id`, `label_name`, `adress`, `email`, `phone`, `founding_date`, `notes`, `online_shopping`, `website_link`, `logo_image_link`) VALUES ('4', '3', 'laudantium', '4452 Urban Inlet Suite 728\nLake Nicholaustown, LA ', 'white.v...ent@example.com', '', '0000', 'Consequuntur est non minus eos doloribus rem vel. Eos facilis temporibus vel totam. Ut alias nulla molestiae aliquid.', 'No', '', 'http://www.murphymurphy.biz/');
INSERT INTO `labels` (`country_id`, `status_label_id`, `label_name`, `adress`, `email`, `phone`, `founding_date`, `notes`, `online_shopping`, `website_link`, `logo_image_link`) VALUES ('49', '4', 'voluptate', '60577 Alana Knolls\nDarwinberg, OH 74498', '', '845-059-8307x362', '2012', '', 'No', 'http://www.hoeger.com/', 'http://www.ankundingskiles.org/');
INSERT INTO `labels` (`country_id`, `status_label_id`, `label_name`, `adress`, `email`, `phone`, `founding_date`, `notes`, `online_shopping`, `website_link`, `logo_image_link`) VALUES ('96', '3', 'velit', '125 Sporer Pines\nNew Jayda, NJ 38345-3398', '', '244-830-6786', '0000', 'Molestiae voluptatem unde praesentium doloremque. Accusantium cupiditate ipsum vel quidem. Doloribus hic deserunt et.', 'N/A', 'http://cummeratakulas.org/', '');
INSERT INTO `labels` (`country_id`, `status_label_id`, `label_name`, `adress`, `email`, `phone`, `founding_date`, `notes`, `online_shopping`, `website_link`, `logo_image_link`) VALUES ('78', '1', 'velit', '', '', '', '2018', '', 'No', 'http://www.bartoletti.com/', '');
INSERT INTO `labels` (`country_id`, `status_label_id`, `label_name`, `adress`, `email`, `phone`, `founding_date`, `notes`, `online_shopping`, `website_link`, `logo_image_link`) VALUES ('72', '2', 'minima', '496 Gail Village Suite 911\nCartwrightburgh, WA 229', 'belle02@example.net', '', '1979', '', 'Yes', 'http://www.schultz.org/', 'http://www.schultzeichmann.com/');
INSERT INTO `labels` (`country_id`, `status_label_id`, `label_name`, `adress`, `email`, `phone`, `founding_date`, `notes`, `online_shopping`, `website_link`, `logo_image_link`) VALUES ('60', '1', 'autem', '6046 Cormier Flat Apt. 004\nPort Jules, WY 89083', '', '', '0000', '', 'No', 'http://mraz.com/', '');
INSERT INTO `labels` (`country_id`, `status_label_id`, `label_name`, `adress`, `email`, `phone`, `founding_date`, `notes`, `online_shopping`, `website_link`, `logo_image_link`) VALUES ('48', '2', 'consequuntur', '7901 Gleason Parks\nBeiermouth, NJ 20238-0407', '', '', '0000', 'Repellat dolorem id ratione magnam rerum dolor. A id commodi modi rerum ab. Facilis voluptates vero molestiae. Blanditiis suscipit voluptatem non fugit.', 'Yes', 'http://www.kunze.info/', 'http://johnston.com/');
INSERT INTO `labels` (`country_id`, `status_label_id`, `label_name`, `adress`, `email`, `phone`, `founding_date`, `notes`, `online_shopping`, `website_link`, `logo_image_link`) VALUES ('23', '3', 'accusamus', '', 'giovani.donnelly@example.com', '', '0000', '', 'No', '', '');
INSERT INTO `labels` (`country_id`, `status_label_id`, `label_name`, `adress`, `email`, `phone`, `founding_date`, `notes`, `online_shopping`, `website_link`, `logo_image_link`) VALUES ('12', '3', 'qui', '', '', '746-318-3599x25696', '2007', '', 'N/A', '', '');
INSERT INTO `labels` (`country_id`, `status_label_id`, `label_name`, `adress`, `email`, `phone`, `founding_date`, `notes`, `online_shopping`, `website_link`, `logo_image_link`) VALUES ('86', '1', 'cum', '812 Ned Islands Apt. 526\nGardnershire, SC 49950', 'roselyn27@example.net', '', '1986', 'Doloribus eveniet adipisci corporis exercitationem. Quo hic assumenda similique et laudantium. Vero sit odit reiciendis quisquam qui voluptatem velit.', 'N/A', '', 'http://www.conroykutch.com/');
INSERT INTO `labels` (`country_id`, `status_label_id`, `label_name`, `adress`, `email`, `phone`, `founding_date`, `notes`, `online_shopping`, `website_link`, `logo_image_link`) VALUES ('96', '2', 'nobis', '', '', '', '1972', '', 'N/A', 'http://hudson.com/', '');
INSERT INTO `labels` (`country_id`, `status_label_id`, `label_name`, `adress`, `email`, `phone`, `founding_date`, `notes`, `online_shopping`, `website_link`, `logo_image_link`) VALUES ('83', '4', 'quibusdam', '8618 Mariam Garden Apt. 034\nNorth Trent, NV 76637-', '', '', '1996', 'Commodi sit nemo veritatis nulla necessitatibus exercitationem esse. Enim explicabo neque mollitia et sit.', 'No', 'http://bartell.biz/', '');
INSERT INTO `labels` (`country_id`, `status_label_id`, `label_name`, `adress`, `email`, `phone`, `founding_date`, `notes`, `online_shopping`, `website_link`, `logo_image_link`) VALUES ('32', '2', 'sapiente', '', '', '1-896-843-4818x6017', '0000', '', 'Yes', 'http://www.dare.biz/', 'http://marquardt.com/');
INSERT INTO `labels` (`country_id`, `status_label_id`, `label_name`, `adress`, `email`, `phone`, `founding_date`, `notes`, `online_shopping`, `website_link`, `logo_image_link`) VALUES ('68', '1', 'asperiores', '06514 Adolph Grove Apt. 939\nEunastad, DE 84558', 'vstanton@example.net', '801.461.9182', '2018', 'Voluptatibus nulla consequatur quisquam. Accusantium est laboriosam fugit neque provident. Itaque animi molestias est architecto corrupti est sunt. Natus ipsum at quia.', 'N/A', '', '');
INSERT INTO `labels` (`country_id`, `status_label_id`, `label_name`, `adress`, `email`, `phone`, `founding_date`, `notes`, `online_shopping`, `website_link`, `logo_image_link`) VALUES ('13', '1', 'consectetur', '', '', '05568731618', '0000', 'Fugit vero magnam cumque eligendi. Perspiciatis aliquam rerum quas qui totam soluta in. Hic et eum doloremque iste. Aut quae ab ipsum dolor qui rem sed. Est expedita exercitationem aut et numquam non nobis.', 'No', 'http://www.yundt.com/', '');
INSERT INTO `labels` (`country_id`, `status_label_id`, `label_name`, `adress`, `email`, `phone`, `founding_date`, `notes`, `online_shopping`, `website_link`, `logo_image_link`) VALUES ('92', '4', 'velit', '56462 Laila Courts Apt. 706\nNew Maria, WY 51535-55', 'freda25@example.org', '1-573-167-1691', '1996', '', 'N/A', '', 'http://baumbach.biz/');
INSERT INTO `labels` (`country_id`, `status_label_id`, `label_name`, `adress`, `email`, `phone`, `founding_date`, `notes`, `online_shopping`, `website_link`, `logo_image_link`) VALUES ('25', '1', 'voluptas', '5581 Geovanny Gateway\nSpinkamouth, NV 46761', 'lamar24@example.com', '521.795.9294', '0000', '', 'No', '', 'http://robel.com/');
INSERT INTO `labels` (`country_id`, `status_label_id`, `label_name`, `adress`, `email`, `phone`, `founding_date`, `notes`, `online_shopping`, `website_link`, `logo_image_link`) VALUES ('5', '1', 'dolor', '5610 Easter Streets Apt. 866\nWest Milo, ID 01053-3', 'maryam78@example.net', '', '2009', 'Cum est quae facere debitis explicabo eveniet rerum eius. Saepe ipsa doloremque odio similique non ea vel. Quibusdam velit est temporibus pariatur architecto voluptas sit. Omnis non cum temporibus nisi.', 'No', '', '');
INSERT INTO `labels` (`country_id`, `status_label_id`, `label_name`, `adress`, `email`, `phone`, `founding_date`, `notes`, `online_shopping`, `website_link`, `logo_image_link`) VALUES ('14', '1', 'dignissimos', '33518 Diana Isle Apt. 580\nNew Braeden, SD 78460-30', '', '(132)987-8674', '1989', '', 'No', 'http://ferry.org/', 'http://www.goldneroreilly.com/');
INSERT INTO `labels` (`country_id`, `status_label_id`, `label_name`, `adress`, `email`, `phone`, `founding_date`, `notes`, `online_shopping`, `website_link`, `logo_image_link`) VALUES ('96', '1', 'consequatur', '', '', '', '0000', '', 'No', 'http://www.ritchie.info/', '');
INSERT INTO `labels` (`country_id`, `status_label_id`, `label_name`, `adress`, `email`, `phone`, `founding_date`, `notes`, `online_shopping`, `website_link`, `logo_image_link`) VALUES ('55', '4', 'expedita', '', 'hansen.monty@example.com', '1-680-745-7648', '0000', '', 'Yes', 'http://brakus.com/', 'http://www.considine.biz/');
INSERT INTO `labels` (`country_id`, `status_label_id`, `label_name`, `adress`, `email`, `phone`, `founding_date`, `notes`, `online_shopping`, `website_link`, `logo_image_link`) VALUES ('84', '4', 'rerum', '', 'johnson.micah@example.com', '', '0000', '', 'N/A', 'http://www.williamsonfahey.com/', 'http://www.hilpert.com/');
INSERT INTO `labels` (`country_id`, `status_label_id`, `label_name`, `adress`, `email`, `phone`, `founding_date`, `notes`, `online_shopping`, `website_link`, `logo_image_link`) VALUES ('57', '3', 'hic', '0767 Daniel Circle Suite 941\nWilkinsontown, CA 518', '', '', '0000', 'Vitae et et quam a ad temporibus. Ut eos eum quis est ut vero. Magni nulla voluptatibus qui quidem temporibus omnis molestiae.', 'Yes', '', '');
INSERT INTO `labels` (`country_id`, `status_label_id`, `label_name`, `adress`, `email`, `phone`, `founding_date`, `notes`, `online_shopping`, `website_link`, `logo_image_link`) VALUES ('29', '4', 'consequuntur', '', 'crist.ellie@example.com', '1-006-336-6304', '0000', 'Aut voluptatum hic sint corporis quis earum. Atque rerum eius perspiciatis. Quaerat laborum vitae ex ipsa quaerat. Et dolorum et repellat iure.', 'N/A', '', 'http://crona.com/');
INSERT INTO `labels` (`country_id`, `status_label_id`, `label_name`, `adress`, `email`, `phone`, `founding_date`, `notes`, `online_shopping`, `website_link`, `logo_image_link`) VALUES ('1', '4', 'impedit', '', '', '608.953.7117x432', '0000', '', 'N/A', 'http://bashiriandamore.com/', '');
INSERT INTO `labels` (`country_id`, `status_label_id`, `label_name`, `adress`, `email`, `phone`, `founding_date`, `notes`, `online_shopping`, `website_link`, `logo_image_link`) VALUES ('51', '3', 'est', '20363 Nienow Parkway\nNew Gunnerhaven, MO 99020', '', '', '2009', 'Occaecati reiciendis reiciendis dignissimos eos ipsa ipsa suscipit blanditiis. Hic itaque quasi nisi non explicabo. Provident quisquam libero accusantium voluptate quasi.', 'Yes', 'http://smithcorwin.com/', '');
INSERT INTO `labels` (`country_id`, `status_label_id`, `label_name`, `adress`, `email`, `phone`, `founding_date`, `notes`, `online_shopping`, `website_link`, `logo_image_link`) VALUES ('36', '3', 'voluptatum', '', 'kreiger.tevin@example.com', '(486)668-7744', '0000', 'Consectetur magnam tempora et tempore voluptatem ut. Corrupti nostrum reiciendis qui nihil facilis dignissimos quo. Consequatur et ducimus ut cumque dicta ut saepe asperiores.', 'No', 'http://www.feestpfeffer.com/', 'http://prohaska.com/');
INSERT INTO `labels` (`country_id`, `status_label_id`, `label_name`, `adress`, `email`, `phone`, `founding_date`, `notes`, `online_shopping`, `website_link`, `logo_image_link`) VALUES ('11', '4', 'molestiae', '', '', '1-556-224-6545', '0000', 'Recusandae omnis harum quisquam inventore ad aspernatur. Harum quasi dist...tio dolore cumque ratione. Reprehenderit magni consectetur voluptas aut. Doloribus repellat eveniet eos repellat ut dolorem. Dolores doloremque harum libero deserunt ut aspernatur numquam.', 'N/A', '', 'http://www.damore.net/');
INSERT INTO `labels` (`country_id`, `status_label_id`, `label_name`, `adress`, `email`, `phone`, `founding_date`, `notes`, `online_shopping`, `website_link`, `logo_image_link`) VALUES ('39', '2', 'recusandae', '', 'homenick.chance@example.org', '1-568-142-0060x05062', '0000', '', 'No', 'http://rau.biz/', '');

UPDATE labels SET founding_date = 'N/A' WHERE founding_date = 0000;
UPDATE labels SET adress = 'N/A' WHERE adress = '';
UPDATE labels SET adress = 'N/A' WHERE adress = '';
UPDATE labels SET email = 'N/A' WHERE email = '';
UPDATE labels SET phone = 'N/A' WHERE phone = '';
UPDATE labels SET website_link = CONCAT('https://www.', LOWER(REPLACE(label_name, ' ', '')), '.com') WHERE id > 1;
UPDATE labels SET logo_image_link = CONCAT('https://www.metal-archives.com/images/labels/', id, '.jpg') WHERE id > 1;
UPDATE labels SET label_name = CONCAT(UCASE(LEFT(label_name, 1)), SUBSTRING(label_name, 2)) WHERE id > 1;

INSERT INTO `labels_styles` (`label_id`, `style_id`) VALUES (1, 1);
INSERT INTO `labels_styles` (`label_id`, `style_id`) VALUES (19, 19);
INSERT INTO `labels_styles` (`label_id`, `style_id`) VALUES (37, 25);
INSERT INTO `labels_styles` (`label_id`, `style_id`) VALUES (20, 30);
INSERT INTO `labels_styles` (`label_id`, `style_id`) VALUES (43, 7);
INSERT INTO `labels_styles` (`label_id`, `style_id`) VALUES (42, 31);
INSERT INTO `labels_styles` (`label_id`, `style_id`) VALUES (10, 20);
INSERT INTO `labels_styles` (`label_id`, `style_id`) VALUES (1, 34);
INSERT INTO `labels_styles` (`label_id`, `style_id`) VALUES (41, 13);
INSERT INTO `labels_styles` (`label_id`, `style_id`) VALUES (37, 19);
INSERT INTO `labels_styles` (`label_id`, `style_id`) VALUES (32, 40);
INSERT INTO `labels_styles` (`label_id`, `style_id`) VALUES (35, 37);
INSERT INTO `labels_styles` (`label_id`, `style_id`) VALUES (28, 27);
INSERT INTO `labels_styles` (`label_id`, `style_id`) VALUES (24, 27);
INSERT INTO `labels_styles` (`label_id`, `style_id`) VALUES (8, 31);
INSERT INTO `labels_styles` (`label_id`, `style_id`) VALUES (8, 9);
INSERT INTO `labels_styles` (`label_id`, `style_id`) VALUES (24, 38);
INSERT INTO `labels_styles` (`label_id`, `style_id`) VALUES (30, 50);
INSERT INTO `labels_styles` (`label_id`, `style_id`) VALUES (41, 17);
INSERT INTO `labels_styles` (`label_id`, `style_id`) VALUES (44, 32);
INSERT INTO `labels_styles` (`label_id`, `style_id`) VALUES (36, 12);
INSERT INTO `labels_styles` (`label_id`, `style_id`) VALUES (37, 46);
INSERT INTO `labels_styles` (`label_id`, `style_id`) VALUES (10, 12);
INSERT INTO `labels_styles` (`label_id`, `style_id`) VALUES (29, 36);
INSERT INTO `labels_styles` (`label_id`, `style_id`) VALUES (18, 10);
INSERT INTO `labels_styles` (`label_id`, `style_id`) VALUES (26, 16);
INSERT INTO `labels_styles` (`label_id`, `style_id`) VALUES (4, 43);
INSERT INTO `labels_styles` (`label_id`, `style_id`) VALUES (27, 15);
INSERT INTO `labels_styles` (`label_id`, `style_id`) VALUES (8, 22);
INSERT INTO `labels_styles` (`label_id`, `style_id`) VALUES (8, 43);
INSERT INTO `labels_styles` (`label_id`, `style_id`) VALUES (22, 19);
INSERT INTO `labels_styles` (`label_id`, `style_id`) VALUES (34, 38);
INSERT INTO `labels_styles` (`label_id`, `style_id`) VALUES (23, 30);
INSERT INTO `labels_styles` (`label_id`, `style_id`) VALUES (35, 5);
INSERT INTO `labels_styles` (`label_id`, `style_id`) VALUES (17, 44);
INSERT INTO `labels_styles` (`label_id`, `style_id`) VALUES (29, 46);
INSERT INTO `labels_styles` (`label_id`, `style_id`) VALUES (11, 36);
INSERT INTO `labels_styles` (`label_id`, `style_id`) VALUES (20, 23);
INSERT INTO `labels_styles` (`label_id`, `style_id`) VALUES (23, 31);
INSERT INTO `labels_styles` (`label_id`, `style_id`) VALUES (41, 45);
INSERT INTO `labels_styles` (`label_id`, `style_id`) VALUES (2, 36);
INSERT INTO `labels_styles` (`label_id`, `style_id`) VALUES (27, 9);
INSERT INTO `labels_styles` (`label_id`, `style_id`) VALUES (21, 9);
INSERT INTO `labels_styles` (`label_id`, `style_id`) VALUES (44, 31);
INSERT INTO `labels_styles` (`label_id`, `style_id`) VALUES (44, 45);
INSERT INTO `labels_styles` (`label_id`, `style_id`) VALUES (30, 40);
INSERT INTO `labels_styles` (`label_id`, `style_id`) VALUES (39, 13);
INSERT INTO `labels_styles` (`label_id`, `style_id`) VALUES (32, 42);
INSERT INTO `labels_styles` (`label_id`, `style_id`) VALUES (36, 32);
INSERT INTO `labels_styles` (`label_id`, `style_id`) VALUES (41, 9);
INSERT INTO `labels_styles` (`label_id`, `style_id`) VALUES (44, 18);
INSERT INTO `labels_styles` (`label_id`, `style_id`) VALUES (21, 35);
INSERT INTO `labels_styles` (`label_id`, `style_id`) VALUES (33, 4);
INSERT INTO `labels_styles` (`label_id`, `style_id`) VALUES (33, 17);
INSERT INTO `labels_styles` (`label_id`, `style_id`) VALUES (2, 42);
INSERT INTO `labels_styles` (`label_id`, `style_id`) VALUES (37, 39);
INSERT INTO `labels_styles` (`label_id`, `style_id`) VALUES (17, 5);
INSERT INTO `labels_styles` (`label_id`, `style_id`) VALUES (36, 49);
INSERT INTO `labels_styles` (`label_id`, `style_id`) VALUES (20, 1);
INSERT INTO `labels_styles` (`label_id`, `style_id`) VALUES (16, 50);
INSERT INTO `labels_styles` (`label_id`, `style_id`) VALUES (4, 22);
INSERT INTO `labels_styles` (`label_id`, `style_id`) VALUES (27, 45);
INSERT INTO `labels_styles` (`label_id`, `style_id`) VALUES (15, 28);
INSERT INTO `labels_styles` (`label_id`, `style_id`) VALUES (7, 49);
INSERT INTO `labels_styles` (`label_id`, `style_id`) VALUES (18, 39);
INSERT INTO `labels_styles` (`label_id`, `style_id`) VALUES (12, 31);
INSERT INTO `labels_styles` (`label_id`, `style_id`) VALUES (21, 49);
INSERT INTO `labels_styles` (`label_id`, `style_id`) VALUES (26, 40);
INSERT INTO `labels_styles` (`label_id`, `style_id`) VALUES (18, 37);
INSERT INTO `labels_styles` (`label_id`, `style_id`) VALUES (18, 31);
INSERT INTO `labels_styles` (`label_id`, `style_id`) VALUES (5, 8);
INSERT INTO `labels_styles` (`label_id`, `style_id`) VALUES (12, 11);
INSERT INTO `labels_styles` (`label_id`, `style_id`) VALUES (24, 4);
INSERT INTO `labels_styles` (`label_id`, `style_id`) VALUES (26, 21);
INSERT INTO `labels_styles` (`label_id`, `style_id`) VALUES (11, 37);
INSERT INTO `labels_styles` (`label_id`, `style_id`) VALUES (45, 43);
INSERT INTO `labels_styles` (`label_id`, `style_id`) VALUES (31, 29);
INSERT INTO `labels_styles` (`label_id`, `style_id`) VALUES (6, 4);
INSERT INTO `labels_styles` (`label_id`, `style_id`) VALUES (22, 42);
INSERT INTO `labels_styles` (`label_id`, `style_id`) VALUES (37, 20);
INSERT INTO `labels_styles` (`label_id`, `style_id`) VALUES (10, 7);
INSERT INTO `labels_styles` (`label_id`, `style_id`) VALUES (28, 42);
INSERT INTO `labels_styles` (`label_id`, `style_id`) VALUES (9, 23);
INSERT INTO `labels_styles` (`label_id`, `style_id`) VALUES (14, 34);
INSERT INTO `labels_styles` (`label_id`, `style_id`) VALUES (30, 42);
INSERT INTO `labels_styles` (`label_id`, `style_id`) VALUES (34, 9);
INSERT INTO `labels_styles` (`label_id`, `style_id`) VALUES (39, 27);
INSERT INTO `labels_styles` (`label_id`, `style_id`) VALUES (32, 9);
INSERT INTO `labels_styles` (`label_id`, `style_id`) VALUES (37, 47);
INSERT INTO `labels_styles` (`label_id`, `style_id`) VALUES (42, 13);
INSERT INTO `labels_styles` (`label_id`, `style_id`) VALUES (13, 22);

INSERT INTO `bands` (`country_id`, `location_early_id`, `location_later_id`, `status_band_id`, `current_label_id`, `last_label_id`, `band_name`, `years_active`, `formed_in`, `band_image_link`, `logo_image_link`, `notes`) VALUES ('38', '117', '21', '3', '28', '43', 'Reinger-Windler', '1976', '2000', 'http://okunevafranecki.org/', '', '');
INSERT INTO `bands` (`country_id`, `location_early_id`, `location_later_id`, `status_band_id`, `current_label_id`, `last_label_id`, `band_name`, `years_active`, `formed_in`, `band_image_link`, `logo_image_link`, `notes`) VALUES ('72', '8', '207', '2', '16', '40', 'VonRueden?', '2000', '2018', 'http://gusikowskikrajcik.com/', 'http://www.dooleypredovic.com/', '');
INSERT INTO `bands` (`country_id`, `location_early_id`, `location_later_id`, `status_band_id`, `current_label_id`, `last_label_id`, `band_name`, `years_active`, `formed_in`, `band_image_link`, `logo_image_link`, `notes`) VALUES ('16', '74', '162', '6', '16', '45', 'Russel-Runolfsdottir', '1978', '2005', 'http://www.collierkulas.com/', '', 'Expedita vel aperiam eos ad unde provident. Officiis voluptatem neque non ut molestias maxime.');
INSERT INTO `bands` (`country_id`, `location_early_id`, `location_later_id`, `status_band_id`, `current_label_id`, `last_label_id`, `band_name`, `years_active`, `formed_in`, `band_image_link`, `logo_image_link`, `notes`) VALUES ('62', '54', '253', '2', '9', '28', 'Moore, Eichmann and Huel', '2014', '1990', '', '', 'Saepe dolorem minima libero odit. Non laboriosam eos id hic. Tempore a modi sint similique sunt.');
INSERT INTO `bands` (`country_id`, `location_early_id`, `location_later_id`, `status_band_id`, `current_label_id`, `last_label_id`, `band_name`, `years_active`, `formed_in`, `band_image_link`, `logo_image_link`, `notes`) VALUES ('64', '209', '13', '3', '34', '41', 'Strosin, Kerluke and Stracke', '2005', '1975', '', '', 'Quo voluptate sint rerum sit ex. Vero officia voluptatem quod rerum. Non in qui occaecati sapiente.');
INSERT INTO `bands` (`country_id`, `location_early_id`, `location_later_id`, `status_band_id`, `current_label_id`, `last_label_id`, `band_name`, `years_active`, `formed_in`, `band_image_link`, `logo_image_link`, `notes`) VALUES ('9', '71', '266', '2', '25', '12', 'Mitchell-Wilkinson', '1996', '0000', '', 'http://stromansauer.net/', 'Et quis voluptas debitis sit. Esse in adipisci velit et ea commodi sed. Non eum quos est magnam.');
INSERT INTO `bands` (`country_id`, `location_early_id`, `location_later_id`, `status_band_id`, `current_label_id`, `last_label_id`, `band_name`, `years_active`, `formed_in`, `band_image_link`, `logo_image_link`, `notes`) VALUES ('15', '95', '152', '2', '3', '35', 'Brakus Group', '1980', '1999', '', '', 'Et dolore culpa quia quidem. Odit voluptatem dist...tio qui hic ut.');
INSERT INTO `bands` (`country_id`, `location_early_id`, `location_later_id`, `status_band_id`, `current_label_id`, `last_label_id`, `band_name`, `years_active`, `formed_in`, `band_image_link`, `logo_image_link`, `notes`) VALUES ('63', '251', '225', '4', '19', '28', 'Leffler, Kutch and Bode', '2015', '2017', 'http://www.bode.com/', '', '');
INSERT INTO `bands` (`country_id`, `location_early_id`, `location_later_id`, `status_band_id`, `current_label_id`, `last_label_id`, `band_name`, `years_active`, `formed_in`, `band_image_link`, `logo_image_link`, `notes`) VALUES ('16', '281', '176', '6', '17', '17', 'Lemke-Glover', '2015', '0000', '', '', '');
INSERT INTO `bands` (`country_id`, `location_early_id`, `location_later_id`, `status_band_id`, `current_label_id`, `last_label_id`, `band_name`, `years_active`, `formed_in`, `band_image_link`, `logo_image_link`, `notes`) VALUES ('13', '49', '24', '2', '30', '20', 'Paucek, McCullough and McDermott', '1986', '2006', '', 'http://www.lang.com/', '');
INSERT INTO `bands` (`country_id`, `location_early_id`, `location_later_id`, `status_band_id`, `current_label_id`, `last_label_id`, `band_name`, `years_active`, `formed_in`, `band_image_link`, `logo_image_link`, `notes`) VALUES ('29', '65', '219', '5', '30', '30', 'Moore!', '1972', '1979', '', '', '');
INSERT INTO `bands` (`country_id`, `location_early_id`, `location_later_id`, `status_band_id`, `current_label_id`, `last_label_id`, `band_name`, `years_active`, `formed_in`, `band_image_link`, `logo_image_link`, `notes`) VALUES ('67', '136', '191', '2', '33', '5', 'Crooks, Halvorson and Greenfelder', '2017', '0000', '', 'http://stamm.com/', 'Cupiditate dignissimos dolor est consequuntur et debitis. Illum expedita repellendus voluptatem.');
INSERT INTO `bands` (`country_id`, `location_early_id`, `location_later_id`, `status_band_id`, `current_label_id`, `last_label_id`, `band_name`, `years_active`, `formed_in`, `band_image_link`, `logo_image_link`, `notes`) VALUES ('49', '276', '70', '1', '22', '12', 'Kohler-Skiles', '1991', '2014', '', '', '');
INSERT INTO `bands` (`country_id`, `location_early_id`, `location_later_id`, `status_band_id`, `current_label_id`, `last_label_id`, `band_name`, `years_active`, `formed_in`, `band_image_link`, `logo_image_link`, `notes`) VALUES ('11', '55', '237', '2', '6', '35', 'Kihn, Watsica and Considine', '2017', '0000', '', 'http://www.hilperttorphy.com/', '');
INSERT INTO `bands` (`country_id`, `location_early_id`, `location_later_id`, `status_band_id`, `current_label_id`, `last_label_id`, `band_name`, `years_active`, `formed_in`, `band_image_link`, `logo_image_link`, `notes`) VALUES ('14', '19', '182', '5', '15', '22', 'Lockman, Corwin and Casper', '1982', '2022', '', '', '');
INSERT INTO `bands` (`country_id`, `location_early_id`, `location_later_id`, `status_band_id`, `current_label_id`, `last_label_id`, `band_name`, `years_active`, `formed_in`, `band_image_link`, `logo_image_link`, `notes`) VALUES ('59', '190', '209', '6', '20', '35', 'Corkery-Gulgowski', '2013', '0000', 'http://baumbachvolkman.info/', '', '');
INSERT INTO `bands` (`country_id`, `location_early_id`, `location_later_id`, `status_band_id`, `current_label_id`, `last_label_id`, `band_name`, `years_active`, `formed_in`, `band_image_link`, `logo_image_link`, `notes`) VALUES ('56', '22', '53', '4', '29', '32', 'Roob, Heller and Bednar', '2019', '0000', 'http://grahamwaters.net/', '', '');
INSERT INTO `bands` (`country_id`, `location_early_id`, `location_later_id`, `status_band_id`, `current_label_id`, `last_label_id`, `band_name`, `years_active`, `formed_in`, `band_image_link`, `logo_image_link`, `notes`) VALUES ('4', '180', '23', '1', '30', '33', 'Hauck, Harvey and Monahan', '1986', '1990', '', 'http://www.langworth.com/', 'Cumque sint optio et nihil quis. Qui repudiandae sequi natus delectus sint.');
INSERT INTO `bands` (`country_id`, `location_early_id`, `location_later_id`, `status_band_id`, `current_label_id`, `last_label_id`, `band_name`, `years_active`, `formed_in`, `band_image_link`, `logo_image_link`, `notes`) VALUES ('54', '250', '10', '3', '38', '11', 'Gibson-Rutherford', '1973', '0000', '', '', 'Eos vero quas velit eos amet numquam vero ut. Nemo atque velit dignissimos quia aut.');
INSERT INTO `bands` (`country_id`, `location_early_id`, `location_later_id`, `status_band_id`, `current_label_id`, `last_label_id`, `band_name`, `years_active`, `formed_in`, `band_image_link`, `logo_image_link`, `notes`) VALUES ('63', '275', '114', '5', '1', '17', 'Streich?', '1985', '0000', '', '', '');
INSERT INTO `bands` (`country_id`, `location_early_id`, `location_later_id`, `status_band_id`, `current_label_id`, `last_label_id`, `band_name`, `years_active`, `formed_in`, `band_image_link`, `logo_image_link`, `notes`) VALUES ('22', '123', '186', '2', '45', '3', 'Wuckert, Stroman and Rice', '1973', '0000', 'http://dooley.com/', 'http://walsh.com/', '');
INSERT INTO `bands` (`country_id`, `location_early_id`, `location_later_id`, `status_band_id`, `current_label_id`, `last_label_id`, `band_name`, `years_active`, `formed_in`, `band_image_link`, `logo_image_link`, `notes`) VALUES ('58', '103', '22', '4', '26', '17', 'Schumm-Kutch', '2000', '2018', 'http://www.boyle.com/', 'http://rosenbaum.com/', 'Repellendus et mollitia amet cupiditate repellat. Aut magnam autem illo at quis.');
INSERT INTO `bands` (`country_id`, `location_early_id`, `location_later_id`, `status_band_id`, `current_label_id`, `last_label_id`, `band_name`, `years_active`, `formed_in`, `band_image_link`, `logo_image_link`, `notes`) VALUES ('67', '190', '258', '3', '27', '4', 'Parker-Bogan', '2017', '0000', '', 'http://sawayn.com/', 'Tenetur laborum sed in soluta hic. Vero nihil aut excepturi. Non et aperiam dolores quia.');
INSERT INTO `bands` (`country_id`, `location_early_id`, `location_later_id`, `status_band_id`, `current_label_id`, `last_label_id`, `band_name`, `years_active`, `formed_in`, `band_image_link`, `logo_image_link`, `notes`) VALUES ('5', '122', '10', '4', '6', '29', 'Heidenreich, Barrows and Koelpin', '2018', '0000', '', '', 'Id sed nobis iure. Fugit aut quidem excepturi et. Beatae dolor nam quae ad harum quis.');
INSERT INTO `bands` (`country_id`, `location_early_id`, `location_later_id`, `status_band_id`, `current_label_id`, `last_label_id`, `band_name`, `years_active`, `formed_in`, `band_image_link`, `logo_image_link`, `notes`) VALUES ('91', '234', '169', '5', '4', '13', 'Ward-Rogahn', '2005', '1984', 'http://kessler.biz/', 'http://berge.biz/', 'Earum amet est possimus quo repellendus. Vitae corrupti et hic hic. Et voluptatem aut iure.');
INSERT INTO `bands` (`country_id`, `location_early_id`, `location_later_id`, `status_band_id`, `current_label_id`, `last_label_id`, `band_name`, `years_active`, `formed_in`, `band_image_link`, `logo_image_link`, `notes`) VALUES ('88', '79', '288', '5', '41', '20', 'Champlin!', '1985', '0000', '', '', '');
INSERT INTO `bands` (`country_id`, `location_early_id`, `location_later_id`, `status_band_id`, `current_label_id`, `last_label_id`, `band_name`, `years_active`, `formed_in`, `band_image_link`, `logo_image_link`, `notes`) VALUES ('14', '67', '293', '6', '45', '32', 'Jacobson, Gottlieb and Wuckert', '1982', '0000', '', '', '');
INSERT INTO `bands` (`country_id`, `location_early_id`, `location_later_id`, `status_band_id`, `current_label_id`, `last_label_id`, `band_name`, `years_active`, `formed_in`, `band_image_link`, `logo_image_link`, `notes`) VALUES ('22', '77', '26', '1', '27', '1', 'Kunze-Gutmann', '2003', '1991', '', 'http://www.hermanhowe.biz/', 'Et reiciendis enim iusto. Placeat molestiae ut suscipit. Deleniti aut dolorem aut.');
INSERT INTO `bands` (`country_id`, `location_early_id`, `location_later_id`, `status_band_id`, `current_label_id`, `last_label_id`, `band_name`, `years_active`, `formed_in`, `band_image_link`, `logo_image_link`, `notes`) VALUES ('4', '184', '18', '2', '1', '29', 'Monahan-King', '1985', '0000', '', '', '');
INSERT INTO `bands` (`country_id`, `location_early_id`, `location_later_id`, `status_band_id`, `current_label_id`, `last_label_id`, `band_name`, `years_active`, `formed_in`, `band_image_link`, `logo_image_link`, `notes`) VALUES ('25', '268', '224', '3', '18', '9', 'Schneider, Runolfsdottir and Bartell', '1984', '1982', 'http://fayrice.net/', 'http://berge.com/', '');
INSERT INTO `bands` (`country_id`, `location_early_id`, `location_later_id`, `status_band_id`, `current_label_id`, `last_label_id`, `band_name`, `years_active`, `formed_in`, `band_image_link`, `logo_image_link`, `notes`) VALUES ('66', '226', '181', '4', '30', '15', 'Tremblay?', '2019', '2012', 'http://volkman.info/', '', '');
INSERT INTO `bands` (`country_id`, `location_early_id`, `location_later_id`, `status_band_id`, `current_label_id`, `last_label_id`, `band_name`, `years_active`, `formed_in`, `band_image_link`, `logo_image_link`, `notes`) VALUES ('14', '24', '236', '5', '32', '1', 'Kuphal...', '1971', '2008', 'http://www.crist.com/', 'http://bradtkebergstrom.biz/', 'Inventore qui voluptatem autem ut. Blanditiis fuga quod voluptas est necessitatibus molestiae.');
INSERT INTO `bands` (`country_id`, `location_early_id`, `location_later_id`, `status_band_id`, `current_label_id`, `last_label_id`, `band_name`, `years_active`, `formed_in`, `band_image_link`, `logo_image_link`, `notes`) VALUES ('51', '101', '207', '4', '23', '42', 'Howe!', '1990', '2010', '', 'http://www.greenfelder.com/', 'Aut ipsum ipsam cumque quia. Autem eos ad tenetur sit. Aut aut non autem et dist...tio aut.');
INSERT INTO `bands` (`country_id`, `location_early_id`, `location_later_id`, `status_band_id`, `current_label_id`, `last_label_id`, `band_name`, `years_active`, `formed_in`, `band_image_link`, `logo_image_link`, `notes`) VALUES ('11', '30', '186', '6', '4', '32', 'Lehner-Pollich', '1981', '2004', 'http://www.mcdermott.com/', 'http://www.trantowpowlowski.com/', '');
INSERT INTO `bands` (`country_id`, `location_early_id`, `location_later_id`, `status_band_id`, `current_label_id`, `last_label_id`, `band_name`, `years_active`, `formed_in`, `band_image_link`, `logo_image_link`, `notes`) VALUES ('98', '128', '31', '4', '31', '28', 'McDermott-Collier', '2004', '0000', '', 'http://hackett.com/', '');
INSERT INTO `bands` (`country_id`, `location_early_id`, `location_later_id`, `status_band_id`, `current_label_id`, `last_label_id`, `band_name`, `years_active`, `formed_in`, `band_image_link`, `logo_image_link`, `notes`) VALUES ('52', '210', '161', '1', '19', '17', 'Wunsch-Hoeger', '2010', '0000', '', '', '');
INSERT INTO `bands` (`country_id`, `location_early_id`, `location_later_id`, `status_band_id`, `current_label_id`, `last_label_id`, `band_name`, `years_active`, `formed_in`, `band_image_link`, `logo_image_link`, `notes`) VALUES ('61', '143', '187', '4', '35', '12', 'Kirlin-Zboncak', '1986', '0000', '', 'http://maggio.org/', '');
INSERT INTO `bands` (`country_id`, `location_early_id`, `location_later_id`, `status_band_id`, `current_label_id`, `last_label_id`, `band_name`, `years_active`, `formed_in`, `band_image_link`, `logo_image_link`, `notes`) VALUES ('92', '188', '135', '3', '20', '33', 'Batz-Stiedemann', '2018', '0000', 'http://dicki.org/', '', '');
INSERT INTO `bands` (`country_id`, `location_early_id`, `location_later_id`, `status_band_id`, `current_label_id`, `last_label_id`, `band_name`, `years_active`, `formed_in`, `band_image_link`, `logo_image_link`, `notes`) VALUES ('76', '116', '79', '5', '28', '5', 'Wolff, Rolfson and Stiedemann', '1990', '0000', 'http://fadeljenkins.info/', '', 'Ut iure velit fugiat accusantium. Et repudiandae quidem et. Unde dolorem totam minima delectus.');
INSERT INTO `bands` (`country_id`, `location_early_id`, `location_later_id`, `status_band_id`, `current_label_id`, `last_label_id`, `band_name`, `years_active`, `formed_in`, `band_image_link`, `logo_image_link`, `notes`) VALUES ('75', '130', '256', '6', '34', '34', 'Gerhold-Mann', '1971', '0000', '', '', 'Est et voluptas natus rem et et. Est eum est est eum. Optio sint rem asperiores est in illo.');
INSERT INTO `bands` (`country_id`, `location_early_id`, `location_later_id`, `status_band_id`, `current_label_id`, `last_label_id`, `band_name`, `years_active`, `formed_in`, `band_image_link`, `logo_image_link`, `notes`) VALUES ('38', '6', '65', '4', '14', '37', 'Runolfsson, Morissette and Considine', '2001', '0000', 'http://fisher.biz/', '', '');
INSERT INTO `bands` (`country_id`, `location_early_id`, `location_later_id`, `status_band_id`, `current_label_id`, `last_label_id`, `band_name`, `years_active`, `formed_in`, `band_image_link`, `logo_image_link`, `notes`) VALUES ('73', '95', '132', '2', '10', '20', 'Emard-Berge', '1995', '0000', '', '', 'Rem aut occaecati non nam in quisquam. Error suscipit debitis architecto tenetur aut facilis.');
INSERT INTO `bands` (`country_id`, `location_early_id`, `location_later_id`, `status_band_id`, `current_label_id`, `last_label_id`, `band_name`, `years_active`, `formed_in`, `band_image_link`, `logo_image_link`, `notes`) VALUES ('59', '163', '268', '2', '26', '29', 'Ernser-Thiel', '1991', '0000', 'http://www.harber.net/', 'http://www.sengerstracke.com/', 'Rerum cum neque minima sit magnam. Rem enim quibusdam sed delectus cupiditate cumque ipsa.');
INSERT INTO `bands` (`country_id`, `location_early_id`, `location_later_id`, `status_band_id`, `current_label_id`, `last_label_id`, `band_name`, `years_active`, `formed_in`, `band_image_link`, `logo_image_link`, `notes`) VALUES ('74', '255', '207', '6', '32', '17', 'Brakus-Schowalter', '2017', '1987', 'http://feil.com/', '', '');
INSERT INTO `bands` (`country_id`, `location_early_id`, `location_later_id`, `status_band_id`, `current_label_id`, `last_label_id`, `band_name`, `years_active`, `formed_in`, `band_image_link`, `logo_image_link`, `notes`) VALUES ('46', '300', '245', '6', '38', '18', 'Ullrich, Barrows and Christiansen', '2018', '1976', '', 'http://www.gorczany.info/', 'Nisi quis vel ab facere inventore ex. Ut repellendus rerum blanditiis odit natus sint.');
INSERT INTO `bands` (`country_id`, `location_early_id`, `location_later_id`, `status_band_id`, `current_label_id`, `last_label_id`, `band_name`, `years_active`, `formed_in`, `band_image_link`, `logo_image_link`, `notes`) VALUES ('27', '202', '283', '5', '9', '23', 'Bednar...', '1996', '0000', 'http://bogancollins.info/', 'http://www.durgan.info/', '');
INSERT INTO `bands` (`country_id`, `location_early_id`, `location_later_id`, `status_band_id`, `current_label_id`, `last_label_id`, `band_name`, `years_active`, `formed_in`, `band_image_link`, `logo_image_link`, `notes`) VALUES ('69', '230', '96', '5', '38', '38', 'Aufderhar-Monahan', '1978', '1996', '', '', 'Ut perspiciatis iure quam voluptatum. Consequatur ut rerum at eius.');
INSERT INTO `bands` (`country_id`, `location_early_id`, `location_later_id`, `status_band_id`, `current_label_id`, `last_label_id`, `band_name`, `years_active`, `formed_in`, `band_image_link`, `logo_image_link`, `notes`) VALUES ('18', '299', '59', '6', '43', '36', 'Kilback-Boyle', '1993', '0000', '', 'http://kautzer.net/', 'Minus quia veniam porro excepturi atque sint. Et vitae omnis eum cumque similique unde eaque et.');
INSERT INTO `bands` (`country_id`, `location_early_id`, `location_later_id`, `status_band_id`, `current_label_id`, `last_label_id`, `band_name`, `years_active`, `formed_in`, `band_image_link`, `logo_image_link`, `notes`) VALUES ('68', '154', '218', '1', '45', '10', 'Predovic, Lindgren and White', '1997', '0000', '', 'http://www.fisher.com/', '');
INSERT INTO `bands` (`country_id`, `location_early_id`, `location_later_id`, `status_band_id`, `current_label_id`, `last_label_id`, `band_name`, `years_active`, `formed_in`, `band_image_link`, `logo_image_link`, `notes`) VALUES ('73', '118', '82', '4', '44', '10', 'Lindgren, Zieme and Gleichner', '1995', '0000', 'http://pfannerstill.com/', '', '');
INSERT INTO `bands` (`country_id`, `location_early_id`, `location_later_id`, `status_band_id`, `current_label_id`, `last_label_id`, `band_name`, `years_active`, `formed_in`, `band_image_link`, `logo_image_link`, `notes`) VALUES ('37', '296', '238', '1', '42', '33', 'Marks!', '1972', '0000', '', 'http://friesenromaguera.info/', '');
INSERT INTO `bands` (`country_id`, `location_early_id`, `location_later_id`, `status_band_id`, `current_label_id`, `last_label_id`, `band_name`, `years_active`, `formed_in`, `band_image_link`, `logo_image_link`, `notes`) VALUES ('59', '88', '281', '1', '20', '4', 'Heathcote?', '1971', '0000', '', '', '');
INSERT INTO `bands` (`country_id`, `location_early_id`, `location_later_id`, `status_band_id`, `current_label_id`, `last_label_id`, `band_name`, `years_active`, `formed_in`, `band_image_link`, `logo_image_link`, `notes`) VALUES ('41', '52', '102', '3', '23', '16', 'Tillman!', '1976', '0000', 'http://www.hills.com/', 'http://simonis.com/', 'Voluptatum repellat nam assumenda aliquid. Repellat dignissimos iure saepe. Iure nostrum ut vitae.');
INSERT INTO `bands` (`country_id`, `location_early_id`, `location_later_id`, `status_band_id`, `current_label_id`, `last_label_id`, `band_name`, `years_active`, `formed_in`, `band_image_link`, `logo_image_link`, `notes`) VALUES ('74', '246', '1', '1', '26', '21', 'Hackett-Homenick', '1986', '0000', '', '', 'Quod qui sint et velit sed. Autem aperiam esse debitis iure commodi.');
INSERT INTO `bands` (`country_id`, `location_early_id`, `location_later_id`, `status_band_id`, `current_label_id`, `last_label_id`, `band_name`, `years_active`, `formed_in`, `band_image_link`, `logo_image_link`, `notes`) VALUES ('54', '238', '18', '2', '32', '5', 'Mante-Stark', '2015', '2013', '', 'http://gerlachschiller.com/', '');
INSERT INTO `bands` (`country_id`, `location_early_id`, `location_later_id`, `status_band_id`, `current_label_id`, `last_label_id`, `band_name`, `years_active`, `formed_in`, `band_image_link`, `logo_image_link`, `notes`) VALUES ('6', '192', '170', '2', '6', '28', 'Renner-Lind', '2004', '2021', '', '', 'Velit maxime esse non est asperiores aperiam voluptas ut. Ducimus cum consequuntur rem at.');
INSERT INTO `bands` (`country_id`, `location_early_id`, `location_later_id`, `status_band_id`, `current_label_id`, `last_label_id`, `band_name`, `years_active`, `formed_in`, `band_image_link`, `logo_image_link`, `notes`) VALUES ('40', '294', '258', '4', '20', '14', 'Rempel?', '2014', '0000', 'http://zemlakgoldner.com/', 'http://keebler.biz/', '');
INSERT INTO `bands` (`country_id`, `location_early_id`, `location_later_id`, `status_band_id`, `current_label_id`, `last_label_id`, `band_name`, `years_active`, `formed_in`, `band_image_link`, `logo_image_link`, `notes`) VALUES ('12', '248', '170', '6', '38', '36', 'Kiehn and Sons', '2013', '0000', 'http://www.weissnat.com/', '', 'Aut in dolores ut ab et odio facere. Optio tempora sed veritatis omnis et.');
INSERT INTO `bands` (`country_id`, `location_early_id`, `location_later_id`, `status_band_id`, `current_label_id`, `last_label_id`, `band_name`, `years_active`, `formed_in`, `band_image_link`, `logo_image_link`, `notes`) VALUES ('45', '132', '100', '6', '18', '29', 'Nader PLC', '1992', '0000', '', '', '');
INSERT INTO `bands` (`country_id`, `location_early_id`, `location_later_id`, `status_band_id`, `current_label_id`, `last_label_id`, `band_name`, `years_active`, `formed_in`, `band_image_link`, `logo_image_link`, `notes`) VALUES ('68', '29', '59', '4', '25', '40', 'Purdy, Medhurst and Donnelly', '1985', '2010', 'http://stanton.org/', '', '');
INSERT INTO `bands` (`country_id`, `location_early_id`, `location_later_id`, `status_band_id`, `current_label_id`, `last_label_id`, `band_name`, `years_active`, `formed_in`, `band_image_link`, `logo_image_link`, `notes`) VALUES ('82', '150', '272', '1', '19', '7', 'Raynor-Lubowitz', '1975', '0000', 'http://www.runte.com/', 'http://www.braun.biz/', '');
INSERT INTO `bands` (`country_id`, `location_early_id`, `location_later_id`, `status_band_id`, `current_label_id`, `last_label_id`, `band_name`, `years_active`, `formed_in`, `band_image_link`, `logo_image_link`, `notes`) VALUES ('48', '107', '83', '6', '43', '21', 'Windler, Torphy and King', '2008', '1989', 'http://www.schiller.com/', 'http://torphy.com/', '');
INSERT INTO `bands` (`country_id`, `location_early_id`, `location_later_id`, `status_band_id`, `current_label_id`, `last_label_id`, `band_name`, `years_active`, `formed_in`, `band_image_link`, `logo_image_link`, `notes`) VALUES ('70', '58', '40', '3', '20', '15', 'Predovic, Nolan and Ratke', '2013', '1985', '', 'http://www.cartwright.com/', '');
INSERT INTO `bands` (`country_id`, `location_early_id`, `location_later_id`, `status_band_id`, `current_label_id`, `last_label_id`, `band_name`, `years_active`, `formed_in`, `band_image_link`, `logo_image_link`, `notes`) VALUES ('72', '253', '106', '4', '32', '4', 'Hyatt PLC', '1976', '0000', 'http://kuphal.info/', '', '');
INSERT INTO `bands` (`country_id`, `location_early_id`, `location_later_id`, `status_band_id`, `current_label_id`, `last_label_id`, `band_name`, `years_active`, `formed_in`, `band_image_link`, `logo_image_link`, `notes`) VALUES ('77', '261', '63', '1', '39', '16', 'Nienow, Okuneva and Padberg', '1975', '0000', '', 'http://huelrice.info/', 'Neque sint doloremque ut rerum ipsam. Vitae provident est quo.');
INSERT INTO `bands` (`country_id`, `location_early_id`, `location_later_id`, `status_band_id`, `current_label_id`, `last_label_id`, `band_name`, `years_active`, `formed_in`, `band_image_link`, `logo_image_link`, `notes`) VALUES ('44', '164', '262', '1', '26', '11', 'Jones!', '2001', '1987', 'http://www.lesch.com/', '', '');
INSERT INTO `bands` (`country_id`, `location_early_id`, `location_later_id`, `status_band_id`, `current_label_id`, `last_label_id`, `band_name`, `years_active`, `formed_in`, `band_image_link`, `logo_image_link`, `notes`) VALUES ('62', '201', '6', '2', '18', '16', 'Glover-Doyle', '1998', '1972', '', '', 'Necessitatibus eveniet blanditiis quos sed dolores consequatur. Fugiat ex nemo eos.');
INSERT INTO `bands` (`country_id`, `location_early_id`, `location_later_id`, `status_band_id`, `current_label_id`, `last_label_id`, `band_name`, `years_active`, `formed_in`, `band_image_link`, `logo_image_link`, `notes`) VALUES ('9', '28', '208', '2', '45', '17', 'Altenwerth, Schmitt and Crist', '1993', '0000', 'http://wisoky.com/', '', 'Officiis doloribus deserunt ullam sit. Unde ex ut a nemo recusandae. Ut dolorem eligendi beatae et.');
INSERT INTO `bands` (`country_id`, `location_early_id`, `location_later_id`, `status_band_id`, `current_label_id`, `last_label_id`, `band_name`, `years_active`, `formed_in`, `band_image_link`, `logo_image_link`, `notes`) VALUES ('34', '175', '69', '2', '37', '21', 'Labadie-Anderson', '1982', '0000', '', 'http://goldneryundt.com/', 'Commodi facere et error quam nulla aspernatur quia. Eligendi ex commodi minus quas dolores.');
INSERT INTO `bands` (`country_id`, `location_early_id`, `location_later_id`, `status_band_id`, `current_label_id`, `last_label_id`, `band_name`, `years_active`, `formed_in`, `band_image_link`, `logo_image_link`, `notes`) VALUES ('99', '193', '226', '6', '36', '38', 'Boyer, Mraz and Quigley', '1977', '2008', '', 'http://www.daughertyskiles.com/', '');
INSERT INTO `bands` (`country_id`, `location_early_id`, `location_later_id`, `status_band_id`, `current_label_id`, `last_label_id`, `band_name`, `years_active`, `formed_in`, `band_image_link`, `logo_image_link`, `notes`) VALUES ('95', '253', '147', '5', '34', '5', 'Turcotte...', '1987', '0000', 'http://www.gulgowski.info/', 'http://www.stantonratke.com/', '');
INSERT INTO `bands` (`country_id`, `location_early_id`, `location_later_id`, `status_band_id`, `current_label_id`, `last_label_id`, `band_name`, `years_active`, `formed_in`, `band_image_link`, `logo_image_link`, `notes`) VALUES ('44', '191', '300', '3', '37', '26', 'Koss, Rowe and Padberg', '2013', '0000', 'http://hintz.com/', '', '');
INSERT INTO `bands` (`country_id`, `location_early_id`, `location_later_id`, `status_band_id`, `current_label_id`, `last_label_id`, `band_name`, `years_active`, `formed_in`, `band_image_link`, `logo_image_link`, `notes`) VALUES ('51', '274', '145', '2', '30', '17', 'Jerde-Boyle', '1990', '1981', '', '', '');
INSERT INTO `bands` (`country_id`, `location_early_id`, `location_later_id`, `status_band_id`, `current_label_id`, `last_label_id`, `band_name`, `years_active`, `formed_in`, `band_image_link`, `logo_image_link`, `notes`) VALUES ('42', '62', '186', '5', '13', '18', 'Hessel, Gibson and McLaughlin', '1973', '0000', '', '', 'Aspernatur eos quibusdam ut. Autem et enim eum aliquam id. Animi veniam dicta eos...idunt.');
INSERT INTO `bands` (`country_id`, `location_early_id`, `location_later_id`, `status_band_id`, `current_label_id`, `last_label_id`, `band_name`, `years_active`, `formed_in`, `band_image_link`, `logo_image_link`, `notes`) VALUES ('67', '70', '267', '1', '15', '20', 'Collins-Heller', '2002', '2010', 'http://cartwright.com/', 'http://www.oconner.com/', '');
INSERT INTO `bands` (`country_id`, `location_early_id`, `location_later_id`, `status_band_id`, `current_label_id`, `last_label_id`, `band_name`, `years_active`, `formed_in`, `band_image_link`, `logo_image_link`, `notes`) VALUES ('31', '244', '87', '4', '36', '9', 'Kuhn and Sons', '2010', '0000', '', '', '');
INSERT INTO `bands` (`country_id`, `location_early_id`, `location_later_id`, `status_band_id`, `current_label_id`, `last_label_id`, `band_name`, `years_active`, `formed_in`, `band_image_link`, `logo_image_link`, `notes`) VALUES ('56', '56', '243', '2', '43', '29', 'Schulist!', '1987', '1988', '', '', 'Non voluptates quis eos est nam tenetur necessitatibus. Et illum voluptatem voluptatibus et.');
INSERT INTO `bands` (`country_id`, `location_early_id`, `location_later_id`, `status_band_id`, `current_label_id`, `last_label_id`, `band_name`, `years_active`, `formed_in`, `band_image_link`, `logo_image_link`, `notes`) VALUES ('85', '130', '260', '4', '45', '17', 'Reichel-Daniel', '1998', '0000', '', 'http://www.hilll.org/', '');
INSERT INTO `bands` (`country_id`, `location_early_id`, `location_later_id`, `status_band_id`, `current_label_id`, `last_label_id`, `band_name`, `years_active`, `formed_in`, `band_image_link`, `logo_image_link`, `notes`) VALUES ('17', '66', '109', '4', '15', '18', 'Hane-Jenkins', '1971', '1989', '', 'http://christiansen.com/', '');
INSERT INTO `bands` (`country_id`, `location_early_id`, `location_later_id`, `status_band_id`, `current_label_id`, `last_label_id`, `band_name`, `years_active`, `formed_in`, `band_image_link`, `logo_image_link`, `notes`) VALUES ('21', '2', '98', '5', '16', '28', 'Murphy, Walsh and Rohan', '2016', '2019', 'http://weber.info/', '', '');
INSERT INTO `bands` (`country_id`, `location_early_id`, `location_later_id`, `status_band_id`, `current_label_id`, `last_label_id`, `band_name`, `years_active`, `formed_in`, `band_image_link`, `logo_image_link`, `notes`) VALUES ('11', '2', '150', '3', '32', '14', 'Marvin, Dibbert and O\'Hara', '1990', '1978', '', '', 'Impedit ut deserunt quisquam asperiores sint ea culpa. Aut et sit molestiae.');
INSERT INTO `bands` (`country_id`, `location_early_id`, `location_later_id`, `status_band_id`, `current_label_id`, `last_label_id`, `band_name`, `years_active`, `formed_in`, `band_image_link`, `logo_image_link`, `notes`) VALUES ('32', '43', '85', '4', '38', '24', 'Stroman, Feil and Welch', '1993', '0000', '', 'http://www.jacobidaugherty.com/', '');
INSERT INTO `bands` (`country_id`, `location_early_id`, `location_later_id`, `status_band_id`, `current_label_id`, `last_label_id`, `band_name`, `years_active`, `formed_in`, `band_image_link`, `logo_image_link`, `notes`) VALUES ('41', '182', '233', '6', '15', '21', 'Kemmer, Zboncak and Schmidt', '1996', '0000', '', 'http://www.leannon.biz/', 'Ipsum quae a et veritatis. Atque voluptas molestiae nobis et nisi quia nostrum.');
INSERT INTO `bands` (`country_id`, `location_early_id`, `location_later_id`, `status_band_id`, `current_label_id`, `last_label_id`, `band_name`, `years_active`, `formed_in`, `band_image_link`, `logo_image_link`, `notes`) VALUES ('7', '121', '148', '6', '43', '33', 'McCullough?', '2010', '0000', '', 'http://www.bergstrom.com/', '');
INSERT INTO `bands` (`country_id`, `location_early_id`, `location_later_id`, `status_band_id`, `current_label_id`, `last_label_id`, `band_name`, `years_active`, `formed_in`, `band_image_link`, `logo_image_link`, `notes`) VALUES ('7', '145', '263', '6', '22', '25', 'Gottlieb, Bartell and Walsh', '2020', '0000', '', '', '');
INSERT INTO `bands` (`country_id`, `location_early_id`, `location_later_id`, `status_band_id`, `current_label_id`, `last_label_id`, `band_name`, `years_active`, `formed_in`, `band_image_link`, `logo_image_link`, `notes`) VALUES ('80', '125', '25', '4', '30', '29', 'Kuhlman-Harris', '1985', '0000', 'http://www.howelllangosh.com/', 'http://www.roweabernathy.com/', '');
INSERT INTO `bands` (`country_id`, `location_early_id`, `location_later_id`, `status_band_id`, `current_label_id`, `last_label_id`, `band_name`, `years_active`, `formed_in`, `band_image_link`, `logo_image_link`, `notes`) VALUES ('11', '77', '103', '5', '14', '26', 'Kohler, Bailey and Anderson', '1989', '0000', 'http://www.wuckertschowalter.org/', '', 'Reiciendis doloribus aut non id et harum molestias. Debitis optio sed magnam est est.');
INSERT INTO `bands` (`country_id`, `location_early_id`, `location_later_id`, `status_band_id`, `current_label_id`, `last_label_id`, `band_name`, `years_active`, `formed_in`, `band_image_link`, `logo_image_link`, `notes`) VALUES ('39', '80', '116', '3', '7', '10', 'Waters, Anderson and Conroy', '1995', '1989', 'http://altenwerthhansen.com/', 'http://www.croninzemlak.com/', 'Omnis et vitae similique molestiae quisquam unde quis quia. Repudiandae sit officia iste et.');
INSERT INTO `bands` (`country_id`, `location_early_id`, `location_later_id`, `status_band_id`, `current_label_id`, `last_label_id`, `band_name`, `years_active`, `formed_in`, `band_image_link`, `logo_image_link`, `notes`) VALUES ('97', '259', '165', '3', '11', '41', 'Muller PLC', '1974', '0000', 'http://www.pacocha.com/', '', '');
INSERT INTO `bands` (`country_id`, `location_early_id`, `location_later_id`, `status_band_id`, `current_label_id`, `last_label_id`, `band_name`, `years_active`, `formed_in`, `band_image_link`, `logo_image_link`, `notes`) VALUES ('61', '166', '115', '5', '20', '31', 'Turcotte-Yost', '1976', '1980', 'http://smith.com/', '', 'Qui consequatur sed neque nesciunt. Magnam repudiandae quisquam omnis sit dolores.');
INSERT INTO `bands` (`country_id`, `location_early_id`, `location_later_id`, `status_band_id`, `current_label_id`, `last_label_id`, `band_name`, `years_active`, `formed_in`, `band_image_link`, `logo_image_link`, `notes`) VALUES ('7', '253', '230', '6', '44', '5', 'Williamson and Sons', '1973', '0000', '', '', 'Rerum nihil molestias unde quidem voluptatum. Vel ratione explicabo soluta beatae est.');
INSERT INTO `bands` (`country_id`, `location_early_id`, `location_later_id`, `status_band_id`, `current_label_id`, `last_label_id`, `band_name`, `years_active`, `formed_in`, `band_image_link`, `logo_image_link`, `notes`) VALUES ('7', '136', '37', '3', '45', '18', 'McKenzie PLC', '1970', '2021', 'http://www.greendeckow.com/', '', 'Est omnis neque corporis modi dolores. Qui impedit provident quis debitis consequatur.');
INSERT INTO `bands` (`country_id`, `location_early_id`, `location_later_id`, `status_band_id`, `current_label_id`, `last_label_id`, `band_name`, `years_active`, `formed_in`, `band_image_link`, `logo_image_link`, `notes`) VALUES ('29', '194', '123', '3', '39', '37', 'Cassin, Mraz and Hettinger', '2017', '0000', '', '', '');
INSERT INTO `bands` (`country_id`, `location_early_id`, `location_later_id`, `status_band_id`, `current_label_id`, `last_label_id`, `band_name`, `years_active`, `formed_in`, `band_image_link`, `logo_image_link`, `notes`) VALUES ('37', '223', '264', '3', '10', '27', 'Nader, Ziemann and Spinka', '1994', '0000', 'http://www.boscoabshire.org/', 'http://wolffparker.com/', 'Sunt ipsam laboriosam ut...idunt. Odio magnam nihil reiciendis. Eos corporis fugit voluptate.');
INSERT INTO `bands` (`country_id`, `location_early_id`, `location_later_id`, `status_band_id`, `current_label_id`, `last_label_id`, `band_name`, `years_active`, `formed_in`, `band_image_link`, `logo_image_link`, `notes`) VALUES ('60', '159', '250', '5', '11', '15', 'Jast-Renner', '1975', '0000', 'http://www.bergnaum.com/', 'http://www.collins.com/', 'Enim qui illum optio. Corporis laborum sed quod rerum et. Aut optio pariatur corporis corporis ut.');
INSERT INTO `bands` (`country_id`, `location_early_id`, `location_later_id`, `status_band_id`, `current_label_id`, `last_label_id`, `band_name`, `years_active`, `formed_in`, `band_image_link`, `logo_image_link`, `notes`) VALUES ('95', '299', '184', '3', '35', '27', 'Buckridge-Steuber', '1971', '1997', 'http://mosciskiwisoky.net/', '', 'Et expedita optio maxime dolor fuga quo. Ex ullam porro ducimus eaque. Placeat qui et illo numquam.');
INSERT INTO `bands` (`country_id`, `location_early_id`, `location_later_id`, `status_band_id`, `current_label_id`, `last_label_id`, `band_name`, `years_active`, `formed_in`, `band_image_link`, `logo_image_link`, `notes`) VALUES ('60', '116', '94', '3', '21', '40', 'Gleichner, Marquardt and Jacobi', '1978', '2019', '', '', 'Nihil molestias praesentium sequi quasi enim ut voluptate. Aut ut vero placeat.');
INSERT INTO `bands` (`country_id`, `location_early_id`, `location_later_id`, `status_band_id`, `current_label_id`, `last_label_id`, `band_name`, `years_active`, `formed_in`, `band_image_link`, `logo_image_link`, `notes`) VALUES ('46', '23', '142', '1', '42', '1', 'Russel?', '1981', '2017', 'http://www.purdyernser.com/', 'http://fadelpowlowski.com/', '');
INSERT INTO `bands` (`country_id`, `location_early_id`, `location_later_id`, `status_band_id`, `current_label_id`, `last_label_id`, `band_name`, `years_active`, `formed_in`, `band_image_link`, `logo_image_link`, `notes`) VALUES ('99', '249', '39', '1', '35', '40', 'McGlynn-Marquardt', '1979', '1971', 'http://www.cassin.info/', 'http://kuhlman.com/', 'Omnis et ea fuga vel voluptatem. Dignissimos earum eos quod.');
INSERT INTO `bands` (`country_id`, `location_early_id`, `location_later_id`, `status_band_id`, `current_label_id`, `last_label_id`, `band_name`, `years_active`, `formed_in`, `band_image_link`, `logo_image_link`, `notes`) VALUES ('88', '224', '245', '5', '25', '5', 'Hand, Daniel and Reynolds', '1980', '0000', '', '', 'Ea enim architecto dolor ut cumque quam voluptates omnis. Dicta dolores alias illo asperiores.');
INSERT INTO `bands` (`country_id`, `location_early_id`, `location_later_id`, `status_band_id`, `current_label_id`, `last_label_id`, `band_name`, `years_active`, `formed_in`, `band_image_link`, `logo_image_link`, `notes`) VALUES ('63', '210', '39', '5', '21', '43', 'Zboncak Group', '1986', '1970', '', 'http://becker.com/', '');
INSERT INTO `bands` (`country_id`, `location_early_id`, `location_later_id`, `status_band_id`, `current_label_id`, `last_label_id`, `band_name`, `years_active`, `formed_in`, `band_image_link`, `logo_image_link`, `notes`) VALUES ('13', '22', '31', '5', '16', '9', 'Heaney, Bergstrom and Steuber', '1994', '0000', 'http://www.hyatt.info/', '', '');
INSERT INTO `bands` (`country_id`, `location_early_id`, `location_later_id`, `status_band_id`, `current_label_id`, `last_label_id`, `band_name`, `years_active`, `formed_in`, `band_image_link`, `logo_image_link`, `notes`) VALUES ('99', '91', '113', '1', '3', '37', 'Heller-Watsica', '1974', '1978', '', '', 'Quisquam voluptate quis hic et. At aut fuga ad magnam blanditiis dicta laudantium.');
INSERT INTO `bands` (`country_id`, `location_early_id`, `location_later_id`, `status_band_id`, `current_label_id`, `last_label_id`, `band_name`, `years_active`, `formed_in`, `band_image_link`, `logo_image_link`, `notes`) VALUES ('51', '287', '131', '5', '25', '42', 'Goyette and Sons', '1993', '2013', '', '', '');
INSERT INTO `bands` (`country_id`, `location_early_id`, `location_later_id`, `status_band_id`, `current_label_id`, `last_label_id`, `band_name`, `years_active`, `formed_in`, `band_image_link`, `logo_image_link`, `notes`) VALUES ('66', '218', '120', '5', '17', '4', 'Kihn and Sons', '2014', '2014', 'http://www.swaniawski.com/', '', '');
INSERT INTO `bands` (`country_id`, `location_early_id`, `location_later_id`, `status_band_id`, `current_label_id`, `last_label_id`, `band_name`, `years_active`, `formed_in`, `band_image_link`, `logo_image_link`, `notes`) VALUES ('46', '212', '243', '5', '8', '27', 'Hoppe, Kulas and Bayer', '2004', '0000', 'http://www.emmerich.com/', '', '');
INSERT INTO `bands` (`country_id`, `location_early_id`, `location_later_id`, `status_band_id`, `current_label_id`, `last_label_id`, `band_name`, `years_active`, `formed_in`, `band_image_link`, `logo_image_link`, `notes`) VALUES ('88', '281', '272', '1', '41', '17', 'Cormier Group', '2020', '2022', 'http://www.zemlak.com/', 'http://harber.com/', '');
INSERT INTO `bands` (`country_id`, `location_early_id`, `location_later_id`, `status_band_id`, `current_label_id`, `last_label_id`, `band_name`, `years_active`, `formed_in`, `band_image_link`, `logo_image_link`, `notes`) VALUES ('62', '291', '294', '6', '31', '39', 'Mayert, Schultz and Heller', '2004', '0000', 'http://gulgowski.com/', '', '');
INSERT INTO `bands` (`country_id`, `location_early_id`, `location_later_id`, `status_band_id`, `current_label_id`, `last_label_id`, `band_name`, `years_active`, `formed_in`, `band_image_link`, `logo_image_link`, `notes`) VALUES ('79', '16', '6', '3', '9', '28', 'Jaskolski PLC', '2007', '0000', '', '', 'Voluptas aut ipsum aut. Enim nam sequi deleniti.');
INSERT INTO `bands` (`country_id`, `location_early_id`, `location_later_id`, `status_band_id`, `current_label_id`, `last_label_id`, `band_name`, `years_active`, `formed_in`, `band_image_link`, `logo_image_link`, `notes`) VALUES ('27', '116', '209', '5', '20', '13', 'Hermann-Ritchie', '1978', '1983', 'http://hagenes.biz/', '', '');
INSERT INTO `bands` (`country_id`, `location_early_id`, `location_later_id`, `status_band_id`, `current_label_id`, `last_label_id`, `band_name`, `years_active`, `formed_in`, `band_image_link`, `logo_image_link`, `notes`) VALUES ('83', '153', '197', '3', '16', '27', 'Leffler Group', '1987', '0000', '', '', '');
INSERT INTO `bands` (`country_id`, `location_early_id`, `location_later_id`, `status_band_id`, `current_label_id`, `last_label_id`, `band_name`, `years_active`, `formed_in`, `band_image_link`, `logo_image_link`, `notes`) VALUES ('44', '230', '87', '5', '3', '34', 'Vandervort, Reichert and Fahey', '2007', '0000', '', '', '');
INSERT INTO `bands` (`country_id`, `location_early_id`, `location_later_id`, `status_band_id`, `current_label_id`, `last_label_id`, `band_name`, `years_active`, `formed_in`, `band_image_link`, `logo_image_link`, `notes`) VALUES ('8', '159', '282', '6', '25', '3', 'Schimmel!', '2004', '0000', '', '', 'Ad libero eligendi voluptatem quibusdam vel. Autem aut iste cupiditate adipisci.');
INSERT INTO `bands` (`country_id`, `location_early_id`, `location_later_id`, `status_band_id`, `current_label_id`, `last_label_id`, `band_name`, `years_active`, `formed_in`, `band_image_link`, `logo_image_link`, `notes`) VALUES ('41', '178', '89', '4', '15', '17', 'Heller-Greenholt', '1986', '0000', 'http://www.rempel.info/', 'http://bruen.info/', '');
INSERT INTO `bands` (`country_id`, `location_early_id`, `location_later_id`, `status_band_id`, `current_label_id`, `last_label_id`, `band_name`, `years_active`, `formed_in`, `band_image_link`, `logo_image_link`, `notes`) VALUES ('32', '269', '150', '5', '42', '17', 'Predovic-O\'Hara', '1971', '0000', '', '', 'Sint dolores et nam sed ea corrupti. Amet ut dicta doloribus expedita officia ut.');
INSERT INTO `bands` (`country_id`, `location_early_id`, `location_later_id`, `status_band_id`, `current_label_id`, `last_label_id`, `band_name`, `years_active`, `formed_in`, `band_image_link`, `logo_image_link`, `notes`) VALUES ('52', '65', '62', '1', '22', '3', 'Hoppe, Goldner and Rutherford', '1971', '0000', 'http://conroy.com/', 'http://www.mayertparker.com/', '');
INSERT INTO `bands` (`country_id`, `location_early_id`, `location_later_id`, `status_band_id`, `current_label_id`, `last_label_id`, `band_name`, `years_active`, `formed_in`, `band_image_link`, `logo_image_link`, `notes`) VALUES ('68', '185', '15', '6', '12', '22', 'Lockman, Hane and Bernier', '1991', '0000', '', 'http://wuckerthane.com/', '');
INSERT INTO `bands` (`country_id`, `location_early_id`, `location_later_id`, `status_band_id`, `current_label_id`, `last_label_id`, `band_name`, `years_active`, `formed_in`, `band_image_link`, `logo_image_link`, `notes`) VALUES ('17', '273', '206', '2', '39', '28', 'Rath, Ferry and McGlynn', '2017', '2002', 'http://www.okeefe.com/', 'http://www.schumm.com/', '');
INSERT INTO `bands` (`country_id`, `location_early_id`, `location_later_id`, `status_band_id`, `current_label_id`, `last_label_id`, `band_name`, `years_active`, `formed_in`, `band_image_link`, `logo_image_link`, `notes`) VALUES ('99', '158', '121', '3', '30', '1', 'White, Kohler and Streich', '1971', '0000', '', 'http://witting.com/', 'Quos repudiandae laborum quos. Sed sed reprehenderit et provident ex. Sunt quasi molestiae ut.');
INSERT INTO `bands` (`country_id`, `location_early_id`, `location_later_id`, `status_band_id`, `current_label_id`, `last_label_id`, `band_name`, `years_active`, `formed_in`, `band_image_link`, `logo_image_link`, `notes`) VALUES ('9', '236', '195', '5', '45', '42', 'Moore, Gutkowski and Thiel', '1982', '0000', 'http://hackett.info/', '', 'Ab cum vero nemo consequatur placeat. Qui aut odit nobis fuga quo. Magnam et atque possimus eum.');
INSERT INTO `bands` (`country_id`, `location_early_id`, `location_later_id`, `status_band_id`, `current_label_id`, `last_label_id`, `band_name`, `years_active`, `formed_in`, `band_image_link`, `logo_image_link`, `notes`) VALUES ('99', '67', '80', '6', '44', '12', 'Yundt, Senger and Morar', '1983', '1970', '', 'http://king.com/', '');
INSERT INTO `bands` (`country_id`, `location_early_id`, `location_later_id`, `status_band_id`, `current_label_id`, `last_label_id`, `band_name`, `years_active`, `formed_in`, `band_image_link`, `logo_image_link`, `notes`) VALUES ('34', '13', '67', '1', '2', '26', 'Waters-Barton', '1978', '2001', 'http://funkmante.com/', 'http://gleichner.net/', 'Vero mollitia in nemo sint quam et autem. Ipsam aut eveniet omnis eos.');
INSERT INTO `bands` (`country_id`, `location_early_id`, `location_later_id`, `status_band_id`, `current_label_id`, `last_label_id`, `band_name`, `years_active`, `formed_in`, `band_image_link`, `logo_image_link`, `notes`) VALUES ('29', '231', '298', '2', '1', '16', 'Kunde-Glover', '1989', '1988', '', 'http://www.blanda.biz/', 'Tenetur fugit quia nemo labore maxime omnis iste quidem. Quia quod voluptatum ipsa neque rerum ea.');
INSERT INTO `bands` (`country_id`, `location_early_id`, `location_later_id`, `status_band_id`, `current_label_id`, `last_label_id`, `band_name`, `years_active`, `formed_in`, `band_image_link`, `logo_image_link`, `notes`) VALUES ('23', '201', '140', '3', '28', '21', 'Friesen, Pouros and Murray', '2008', '0000', '', 'http://schulisthartmann.com/', 'Atque ex magnam temporibus aut. Occaecati officiis vel molestiae optio.');
INSERT INTO `bands` (`country_id`, `location_early_id`, `location_later_id`, `status_band_id`, `current_label_id`, `last_label_id`, `band_name`, `years_active`, `formed_in`, `band_image_link`, `logo_image_link`, `notes`) VALUES ('81', '44', '127', '4', '21', '10', 'Marquardt-Kunze', '1998', '2015', '', '', '');
INSERT INTO `bands` (`country_id`, `location_early_id`, `location_later_id`, `status_band_id`, `current_label_id`, `last_label_id`, `band_name`, `years_active`, `formed_in`, `band_image_link`, `logo_image_link`, `notes`) VALUES ('56', '284', '212', '4', '14', '4', 'Botsford, Lang and Bednar', '2011', '0000', '', 'http://www.gutmannhessel.com/', 'Modi...idunt aperiam commodi impedit ipsum. Facere eos occaecati dolorem et.');
INSERT INTO `bands` (`country_id`, `location_early_id`, `location_later_id`, `status_band_id`, `current_label_id`, `last_label_id`, `band_name`, `years_active`, `formed_in`, `band_image_link`, `logo_image_link`, `notes`) VALUES ('36', '46', '249', '3', '30', '3', 'Funk?', '1977', '0000', '', '', '');
INSERT INTO `bands` (`country_id`, `location_early_id`, `location_later_id`, `status_band_id`, `current_label_id`, `last_label_id`, `band_name`, `years_active`, `formed_in`, `band_image_link`, `logo_image_link`, `notes`) VALUES ('97', '243', '70', '2', '7', '22', 'Grimes, Pagac and Gulgowski', '1989', '0000', 'http://www.brekke.com/', '', '');
INSERT INTO `bands` (`country_id`, `location_early_id`, `location_later_id`, `status_band_id`, `current_label_id`, `last_label_id`, `band_name`, `years_active`, `formed_in`, `band_image_link`, `logo_image_link`, `notes`) VALUES ('31', '211', '296', '2', '31', '25', 'Wuckert-Bradtke', '1973', '0000', '', 'http://starkdonnelly.com/', 'Quo alias dolorem a. Et ea dolore adipisci ipsum quos.');
INSERT INTO `bands` (`country_id`, `location_early_id`, `location_later_id`, `status_band_id`, `current_label_id`, `last_label_id`, `band_name`, `years_active`, `formed_in`, `band_image_link`, `logo_image_link`, `notes`) VALUES ('27', '182', '29', '2', '35', '24', 'Smitham...', '1981', '1978', 'http://www.bartell.com/', '', 'Reprehenderit voluptas a similique ad. Dolore placeat vitae explicabo aut qui nihil dolor ad.');
INSERT INTO `bands` (`country_id`, `location_early_id`, `location_later_id`, `status_band_id`, `current_label_id`, `last_label_id`, `band_name`, `years_active`, `formed_in`, `band_image_link`, `logo_image_link`, `notes`) VALUES ('51', '72', '112', '3', '32', '10', 'Larson-Kub', '2022', '0000', '', '', 'Qui molestiae non ut....idunt fuga est asperiores est.');
INSERT INTO `bands` (`country_id`, `location_early_id`, `location_later_id`, `status_band_id`, `current_label_id`, `last_label_id`, `band_name`, `years_active`, `formed_in`, `band_image_link`, `logo_image_link`, `notes`) VALUES ('38', '3', '132', '5', '39', '11', 'Reynolds, Rolfson and Howe', '2002', '0000', '', '', 'Dolores et molestiae repellat placeat ea. Sapiente qui sed quidem sit nulla sed vero.');
INSERT INTO `bands` (`country_id`, `location_early_id`, `location_later_id`, `status_band_id`, `current_label_id`, `last_label_id`, `band_name`, `years_active`, `formed_in`, `band_image_link`, `logo_image_link`, `notes`) VALUES ('44', '221', '94', '1', '18', '32', 'Ondricka-Terry', '2018', '1987', 'http://www.oconnellhegmann.biz/', '', 'Facere fugit consequatur nihil. Quis odio voluptatibus molestiae.');
INSERT INTO `bands` (`country_id`, `location_early_id`, `location_later_id`, `status_band_id`, `current_label_id`, `last_label_id`, `band_name`, `years_active`, `formed_in`, `band_image_link`, `logo_image_link`, `notes`) VALUES ('73', '246', '148', '3', '30', '25', 'Dooley-Kertzmann', '2006', '0000', 'http://zboncak.com/', '', 'Molestias magnam quis nemo accusantium. A quia et dignissimos alias illum velit.');
INSERT INTO `bands` (`country_id`, `location_early_id`, `location_later_id`, `status_band_id`, `current_label_id`, `last_label_id`, `band_name`, `years_active`, `formed_in`, `band_image_link`, `logo_image_link`, `notes`) VALUES ('28', '247', '155', '4', '30', '32', 'Tromp-Prohaska', '1992', '2004', '', '', 'Vitae eaque voluptatem magnam. Et sed aliquid iste quae rerum voluptas iusto dolor.');
INSERT INTO `bands` (`country_id`, `location_early_id`, `location_later_id`, `status_band_id`, `current_label_id`, `last_label_id`, `band_name`, `years_active`, `formed_in`, `band_image_link`, `logo_image_link`, `notes`) VALUES ('57', '251', '79', '5', '3', '6', 'Zboncak PLC', '1996', '0000', 'http://www.raynor.info/', 'http://www.schumm.com/', 'Sed dolor similique voluptas amet maxime ducimus. Amet dolor et ipsum debitis sit nobis.');
INSERT INTO `bands` (`country_id`, `location_early_id`, `location_later_id`, `status_band_id`, `current_label_id`, `last_label_id`, `band_name`, `years_active`, `formed_in`, `band_image_link`, `logo_image_link`, `notes`) VALUES ('88', '104', '24', '6', '34', '22', 'Ebert and Sons', '1982', '2002', 'http://www.koss.com/', '', 'Dicta vitae dolor esse tenetur ea qui eos. Est omnis quasi et animi dolores facere eius.');
INSERT INTO `bands` (`country_id`, `location_early_id`, `location_later_id`, `status_band_id`, `current_label_id`, `last_label_id`, `band_name`, `years_active`, `formed_in`, `band_image_link`, `logo_image_link`, `notes`) VALUES ('49', '152', '159', '1', '35', '25', 'Jakubowski!', '2003', '0000', '', 'http://www.ornjacobs.org/', 'Ut sunt ex accusantium cum quo. Debitis sunt omnis dicta voluptatibus et assumenda dolores.');
INSERT INTO `bands` (`country_id`, `location_early_id`, `location_later_id`, `status_band_id`, `current_label_id`, `last_label_id`, `band_name`, `years_active`, `formed_in`, `band_image_link`, `logo_image_link`, `notes`) VALUES ('5', '132', '33', '6', '35', '15', 'Runte, Hickle and Nolan', '1995', '0000', '', '', '');
INSERT INTO `bands` (`country_id`, `location_early_id`, `location_later_id`, `status_band_id`, `current_label_id`, `last_label_id`, `band_name`, `years_active`, `formed_in`, `band_image_link`, `logo_image_link`, `notes`) VALUES ('55', '58', '69', '4', '42', '16', 'Hegmann Group', '2000', '1991', 'http://www.mannlarson.com/', 'http://www.hills.com/', 'Nihil dolor est quo minima. Expedita consequatur fuga dolor vitae dolor itaque.');
INSERT INTO `bands` (`country_id`, `location_early_id`, `location_later_id`, `status_band_id`, `current_label_id`, `last_label_id`, `band_name`, `years_active`, `formed_in`, `band_image_link`, `logo_image_link`, `notes`) VALUES ('34', '4', '205', '4', '14', '7', 'Braun...', '1995', '2000', '', '', 'Nam voluptates et ut quidem temporibus. Nobis omnis consequatur ut. Nihil saepe fuga in.');
INSERT INTO `bands` (`country_id`, `location_early_id`, `location_later_id`, `status_band_id`, `current_label_id`, `last_label_id`, `band_name`, `years_active`, `formed_in`, `band_image_link`, `logo_image_link`, `notes`) VALUES ('47', '23', '243', '6', '6', '15', 'Keebler...', '2013', '0000', '', 'http://www.treutel.net/', '');
INSERT INTO `bands` (`country_id`, `location_early_id`, `location_later_id`, `status_band_id`, `current_label_id`, `last_label_id`, `band_name`, `years_active`, `formed_in`, `band_image_link`, `logo_image_link`, `notes`) VALUES ('69', '107', '296', '3', '13', '21', 'Krajcik?', '2000', '2015', 'http://www.parker.com/', '', 'Beatae quia deserunt rerum doloremque commodi aliquam sed. Sit est maxime autem mollitia et.');
INSERT INTO `bands` (`country_id`, `location_early_id`, `location_later_id`, `status_band_id`, `current_label_id`, `last_label_id`, `band_name`, `years_active`, `formed_in`, `band_image_link`, `logo_image_link`, `notes`) VALUES ('95', '79', '250', '3', '36', '44', 'Auer-Hudson', '1983', '0000', 'http://cummerataconroy.com/', 'http://www.danielhackett.com/', '');
INSERT INTO `bands` (`country_id`, `location_early_id`, `location_later_id`, `status_band_id`, `current_label_id`, `last_label_id`, `band_name`, `years_active`, `formed_in`, `band_image_link`, `logo_image_link`, `notes`) VALUES ('67', '265', '263', '5', '41', '13', 'Boehm!', '1970', '1983', '', 'http://quitzon.com/', '');
INSERT INTO `bands` (`country_id`, `location_early_id`, `location_later_id`, `status_band_id`, `current_label_id`, `last_label_id`, `band_name`, `years_active`, `formed_in`, `band_image_link`, `logo_image_link`, `notes`) VALUES ('20', '132', '78', '1', '33', '18', 'Smith!', '2010', '0000', '', '', 'Necessitatibus dolores ducimus aut esse. Ut quam et occaecati dicta qui adipisci.');
INSERT INTO `bands` (`country_id`, `location_early_id`, `location_later_id`, `status_band_id`, `current_label_id`, `last_label_id`, `band_name`, `years_active`, `formed_in`, `band_image_link`, `logo_image_link`, `notes`) VALUES ('68', '205', '142', '2', '45', '15', 'Daniel, Wolff and Ankunding', '1986', '1971', '', 'http://www.murray.info/', '');
INSERT INTO `bands` (`country_id`, `location_early_id`, `location_later_id`, `status_band_id`, `current_label_id`, `last_label_id`, `band_name`, `years_active`, `formed_in`, `band_image_link`, `logo_image_link`, `notes`) VALUES ('89', '18', '292', '2', '30', '38', 'Witting...', '1987', '0000', '', '', '');
INSERT INTO `bands` (`country_id`, `location_early_id`, `location_later_id`, `status_band_id`, `current_label_id`, `last_label_id`, `band_name`, `years_active`, `formed_in`, `band_image_link`, `logo_image_link`, `notes`) VALUES ('99', '117', '34', '1', '8', '43', 'Padberg, Rempel and Connelly', '2003', '0000', '', 'http://www.boyle.com/', 'Dolores nostrum velit perspiciatis. Dicta eos explicabo optio voluptatum quasi.');
INSERT INTO `bands` (`country_id`, `location_early_id`, `location_later_id`, `status_band_id`, `current_label_id`, `last_label_id`, `band_name`, `years_active`, `formed_in`, `band_image_link`, `logo_image_link`, `notes`) VALUES ('23', '6', '17', '4', '5', '32', 'McCullough-Becker', '2013', '2019', 'http://brekke.com/', 'http://collins.com/', '');
INSERT INTO `bands` (`country_id`, `location_early_id`, `location_later_id`, `status_band_id`, `current_label_id`, `last_label_id`, `band_name`, `years_active`, `formed_in`, `band_image_link`, `logo_image_link`, `notes`) VALUES ('75', '253', '268', '4', '41', '43', 'Rodriguez!', '1987', '0000', '', '', 'Qui doloremque quasi a corporis magni ut. Et alias nam illo eligendi deserunt sunt quasi.');
INSERT INTO `bands` (`country_id`, `location_early_id`, `location_later_id`, `status_band_id`, `current_label_id`, `last_label_id`, `band_name`, `years_active`, `formed_in`, `band_image_link`, `logo_image_link`, `notes`) VALUES ('66', '182', '255', '1', '18', '11', 'Parker!', '1993', '0000', 'http://www.rath.com/', 'http://www.quitzon.net/', '');
INSERT INTO `bands` (`country_id`, `location_early_id`, `location_later_id`, `status_band_id`, `current_label_id`, `last_label_id`, `band_name`, `years_active`, `formed_in`, `band_image_link`, `logo_image_link`, `notes`) VALUES ('41', '117', '47', '4', '34', '28', 'Welch, Kuhic and Rogahn', '1996', '0000', 'http://www.halvorson.com/', 'http://www.becker.net/', '');
INSERT INTO `bands` (`country_id`, `location_early_id`, `location_later_id`, `status_band_id`, `current_label_id`, `last_label_id`, `band_name`, `years_active`, `formed_in`, `band_image_link`, `logo_image_link`, `notes`) VALUES ('22', '295', '128', '4', '7', '5', 'Gleason-Lowe', '1998', '1988', 'http://www.fritsch.net/', '', 'Enim alias debitis mollitia perferendis. Temporibus et quae nemo optio atque.');
INSERT INTO `bands` (`country_id`, `location_early_id`, `location_later_id`, `status_band_id`, `current_label_id`, `last_label_id`, `band_name`, `years_active`, `formed_in`, `band_image_link`, `logo_image_link`, `notes`) VALUES ('25', '164', '156', '3', '15', '13', 'Stokes and Sons', '1987', '1996', '', 'http://www.strosin.com/', 'Et est in id unde. Eum sunt quis repellendus saepe. Et labore corporis eaque ut.');
INSERT INTO `bands` (`country_id`, `location_early_id`, `location_later_id`, `status_band_id`, `current_label_id`, `last_label_id`, `band_name`, `years_active`, `formed_in`, `band_image_link`, `logo_image_link`, `notes`) VALUES ('92', '20', '231', '5', '18', '28', 'Kshlerin, Buckridge and Frami', '1971', '0000', 'http://www.walsh.com/', 'http://www.rutherfordmills.net/', 'Ullam in quibusdam ad. Nulla occaecati sunt unde iusto. Voluptas doloribus ea ipsum qui aut.');
INSERT INTO `bands` (`country_id`, `location_early_id`, `location_later_id`, `status_band_id`, `current_label_id`, `last_label_id`, `band_name`, `years_active`, `formed_in`, `band_image_link`, `logo_image_link`, `notes`) VALUES ('97', '286', '52', '4', '11', '29', 'Altenwerth, Littel and Gerhold', '2008', '0000', 'http://huels.info/', '', 'Omnis quae blanditiis enim omnis aut. Dolores enim ad asperiores maxime quia cum.');
INSERT INTO `bands` (`country_id`, `location_early_id`, `location_later_id`, `status_band_id`, `current_label_id`, `last_label_id`, `band_name`, `years_active`, `formed_in`, `band_image_link`, `logo_image_link`, `notes`) VALUES ('76', '59', '265', '2', '20', '44', 'Bogisich-Wiza', '1997', '0000', 'http://www.douglaskoch.com/', 'http://gottliebkoch.com/', '');
INSERT INTO `bands` (`country_id`, `location_early_id`, `location_later_id`, `status_band_id`, `current_label_id`, `last_label_id`, `band_name`, `years_active`, `formed_in`, `band_image_link`, `logo_image_link`, `notes`) VALUES ('94', '65', '61', '2', '23', '40', 'Balistreri!', '1998', '0000', 'http://luettgendickinson.com/', 'http://www.mcglynn.com/', '');
INSERT INTO `bands` (`country_id`, `location_early_id`, `location_later_id`, `status_band_id`, `current_label_id`, `last_label_id`, `band_name`, `years_active`, `formed_in`, `band_image_link`, `logo_image_link`, `notes`) VALUES ('51', '236', '246', '4', '40', '3', 'Emmerich PLC', '2006', '0000', 'http://www.hermannsawayn.com/', '', '');
INSERT INTO `bands` (`country_id`, `location_early_id`, `location_later_id`, `status_band_id`, `current_label_id`, `last_label_id`, `band_name`, `years_active`, `formed_in`, `band_image_link`, `logo_image_link`, `notes`) VALUES ('44', '116', '183', '2', '23', '43', 'O\'Hara PLC', '2021', '2002', 'http://crist.biz/', '', '');
INSERT INTO `bands` (`country_id`, `location_early_id`, `location_later_id`, `status_band_id`, `current_label_id`, `last_label_id`, `band_name`, `years_active`, `formed_in`, `band_image_link`, `logo_image_link`, `notes`) VALUES ('45', '46', '175', '5', '24', '40', 'Cassin, Ziemann and Runte', '2010', '0000', '', 'http://www.adams.com/', '');
INSERT INTO `bands` (`country_id`, `location_early_id`, `location_later_id`, `status_band_id`, `current_label_id`, `last_label_id`, `band_name`, `years_active`, `formed_in`, `band_image_link`, `logo_image_link`, `notes`) VALUES ('84', '24', '243', '5', '23', '23', 'Schmeler, Koch and Bednar', '1981', '0000', 'http://trantow.com/', 'http://torppollich.com/', '');
INSERT INTO `bands` (`country_id`, `location_early_id`, `location_later_id`, `status_band_id`, `current_label_id`, `last_label_id`, `band_name`, `years_active`, `formed_in`, `band_image_link`, `logo_image_link`, `notes`) VALUES ('30', '2', '18', '5', '24', '42', 'Volkman-Kassulke', '2000', '2003', 'http://www.stroman.net/', '', 'Tempore nisi quam qui. Optio in culpa dicta quia quaerat rerum repellat.');
INSERT INTO `bands` (`country_id`, `location_early_id`, `location_later_id`, `status_band_id`, `current_label_id`, `last_label_id`, `band_name`, `years_active`, `formed_in`, `band_image_link`, `logo_image_link`, `notes`) VALUES ('42', '39', '25', '5', '33', '44', 'Harris, Cartwright and Bailey', '2000', '0000', '', '', '');
INSERT INTO `bands` (`country_id`, `location_early_id`, `location_later_id`, `status_band_id`, `current_label_id`, `last_label_id`, `band_name`, `years_active`, `formed_in`, `band_image_link`, `logo_image_link`, `notes`) VALUES ('79', '39', '247', '6', '41', '13', 'Mraz, Braun and Kunde', '2002', '2009', 'http://www.langosh.com/', '', '');
INSERT INTO `bands` (`country_id`, `location_early_id`, `location_later_id`, `status_band_id`, `current_label_id`, `last_label_id`, `band_name`, `years_active`, `formed_in`, `band_image_link`, `logo_image_link`, `notes`) VALUES ('27', '201', '96', '4', '22', '41', 'Conroy and Sons', '1984', '1970', '', 'http://www.ward.net/', 'Et assumenda sunt atque dolores. Tenetur alias nam architecto quasi.');
INSERT INTO `bands` (`country_id`, `location_early_id`, `location_later_id`, `status_band_id`, `current_label_id`, `last_label_id`, `band_name`, `years_active`, `formed_in`, `band_image_link`, `logo_image_link`, `notes`) VALUES ('74', '112', '63', '2', '7', '42', 'Ferry-Quigley', '1983', '1997', 'http://hudsoncrist.com/', 'http://www.casperanderson.net/', '');
INSERT INTO `bands` (`country_id`, `location_early_id`, `location_later_id`, `status_band_id`, `current_label_id`, `last_label_id`, `band_name`, `years_active`, `formed_in`, `band_image_link`, `logo_image_link`, `notes`) VALUES ('10', '111', '283', '6', '2', '25', 'Upton-Parisian', '1982', '0000', 'http://www.leannon.com/', 'http://www.kerluke.com/', 'Hic odit id qui quibusdam. Odio quo iusto iure aut.');
INSERT INTO `bands` (`country_id`, `location_early_id`, `location_later_id`, `status_band_id`, `current_label_id`, `last_label_id`, `band_name`, `years_active`, `formed_in`, `band_image_link`, `logo_image_link`, `notes`) VALUES ('91', '224', '37', '2', '22', '42', 'Goyette, Gibson and Larson', '2019', '2016', 'http://mcclure.com/', '', 'Quibusdam velit eum odit occaecati eligendi impedit. Natus libero autem possimus.');
INSERT INTO `bands` (`country_id`, `location_early_id`, `location_later_id`, `status_band_id`, `current_label_id`, `last_label_id`, `band_name`, `years_active`, `formed_in`, `band_image_link`, `logo_image_link`, `notes`) VALUES ('8', '4', '58', '5', '31', '1', 'Ferry?', '2000', '2006', 'http://reinger.info/', '', '');
INSERT INTO `bands` (`country_id`, `location_early_id`, `location_later_id`, `status_band_id`, `current_label_id`, `last_label_id`, `band_name`, `years_active`, `formed_in`, `band_image_link`, `logo_image_link`, `notes`) VALUES ('12', '143', '5', '2', '29', '14', 'Smitham, Beer and Abernathy', '1970', '2015', '', '', '');
INSERT INTO `bands` (`country_id`, `location_early_id`, `location_later_id`, `status_band_id`, `current_label_id`, `last_label_id`, `band_name`, `years_active`, `formed_in`, `band_image_link`, `logo_image_link`, `notes`) VALUES ('31', '53', '167', '3', '23', '16', 'Nitzsche, Konopelski and Glover', '1999', '1982', 'http://mckenzie.com/', '', '');
INSERT INTO `bands` (`country_id`, `location_early_id`, `location_later_id`, `status_band_id`, `current_label_id`, `last_label_id`, `band_name`, `years_active`, `formed_in`, `band_image_link`, `logo_image_link`, `notes`) VALUES ('66', '149', '98', '2', '45', '26', 'Cole-Beier', '2001', '0000', '', 'http://schaden.net/', '');
INSERT INTO `bands` (`country_id`, `location_early_id`, `location_later_id`, `status_band_id`, `current_label_id`, `last_label_id`, `band_name`, `years_active`, `formed_in`, `band_image_link`, `logo_image_link`, `notes`) VALUES ('62', '87', '273', '5', '10', '39', 'Rodriguez-Hodkiewicz', '1987', '2003', '', 'http://ferry.com/', 'Ut iure sint officia. Itaque sit similique deserunt voluptas.');
INSERT INTO `bands` (`country_id`, `location_early_id`, `location_later_id`, `status_band_id`, `current_label_id`, `last_label_id`, `band_name`, `years_active`, `formed_in`, `band_image_link`, `logo_image_link`, `notes`) VALUES ('64', '144', '90', '3', '20', '32', 'Lakin-Wuckert', '2005', '0000', '', '', '');
INSERT INTO `bands` (`country_id`, `location_early_id`, `location_later_id`, `status_band_id`, `current_label_id`, `last_label_id`, `band_name`, `years_active`, `formed_in`, `band_image_link`, `logo_image_link`, `notes`) VALUES ('11', '65', '273', '5', '17', '25', 'Prohaska...', '1972', '0000', '', '', 'In vel dolor qui consequuntur tempore voluptate est nobis. Est quo earum dignissimos eum.');
INSERT INTO `bands` (`country_id`, `location_early_id`, `location_later_id`, `status_band_id`, `current_label_id`, `last_label_id`, `band_name`, `years_active`, `formed_in`, `band_image_link`, `logo_image_link`, `notes`) VALUES ('16', '105', '198', '5', '6', '26', 'Hansen-Harris', '1992', '0000', 'http://www.quitzon.com/', '', '');
INSERT INTO `bands` (`country_id`, `location_early_id`, `location_later_id`, `status_band_id`, `current_label_id`, `last_label_id`, `band_name`, `years_active`, `formed_in`, `band_image_link`, `logo_image_link`, `notes`) VALUES ('59', '217', '114', '3', '17', '42', 'Gerlach PLC', '2010', '1982', '', 'http://www.flatley.net/', '');
INSERT INTO `bands` (`country_id`, `location_early_id`, `location_later_id`, `status_band_id`, `current_label_id`, `last_label_id`, `band_name`, `years_active`, `formed_in`, `band_image_link`, `logo_image_link`, `notes`) VALUES ('87', '192', '245', '6', '17', '10', 'Rohan Group', '1973', '1970', '', 'http://sawayn.com/', '');
INSERT INTO `bands` (`country_id`, `location_early_id`, `location_later_id`, `status_band_id`, `current_label_id`, `last_label_id`, `band_name`, `years_active`, `formed_in`, `band_image_link`, `logo_image_link`, `notes`) VALUES ('38', '48', '11', '6', '44', '24', 'Hand...', '2021', '1992', '', '', '');
INSERT INTO `bands` (`country_id`, `location_early_id`, `location_later_id`, `status_band_id`, `current_label_id`, `last_label_id`, `band_name`, `years_active`, `formed_in`, `band_image_link`, `logo_image_link`, `notes`) VALUES ('85', '100', '54', '3', '27', '16', 'Kovacek, Heidenreich and Fahey', '2003', '0000', 'http://www.tromp.com/', 'http://bednar.com/', '');
INSERT INTO `bands` (`country_id`, `location_early_id`, `location_later_id`, `status_band_id`, `current_label_id`, `last_label_id`, `band_name`, `years_active`, `formed_in`, `band_image_link`, `logo_image_link`, `notes`) VALUES ('11', '197', '276', '2', '31', '19', 'Beer, Schimmel and Hettinger', '1971', '0000', '', 'http://goldner.com/', '');
INSERT INTO `bands` (`country_id`, `location_early_id`, `location_later_id`, `status_band_id`, `current_label_id`, `last_label_id`, `band_name`, `years_active`, `formed_in`, `band_image_link`, `logo_image_link`, `notes`) VALUES ('84', '215', '287', '6', '7', '32', 'White-Baumbach', '1974', '1974', '', 'http://www.lueilwitz.com/', 'Voluptatem est ipsum et ad. Id vero nesciunt porro saepe quidem autem.');
INSERT INTO `bands` (`country_id`, `location_early_id`, `location_later_id`, `status_band_id`, `current_label_id`, `last_label_id`, `band_name`, `years_active`, `formed_in`, `band_image_link`, `logo_image_link`, `notes`) VALUES ('12', '56', '20', '6', '20', '11', 'Lueilwitz?', '1996', '0000', 'http://www.pouros.info/', '', 'Est vero deserunt labore exercitationem consequatur. Non excepturi quia reprehenderit id in beatae.');
INSERT INTO `bands` (`country_id`, `location_early_id`, `location_later_id`, `status_band_id`, `current_label_id`, `last_label_id`, `band_name`, `years_active`, `formed_in`, `band_image_link`, `logo_image_link`, `notes`) VALUES ('89', '13', '139', '6', '12', '33', 'Mayer, Crist and Weber', '2010', '2000', 'http://www.streich.com/', '', '');
INSERT INTO `bands` (`country_id`, `location_early_id`, `location_later_id`, `status_band_id`, `current_label_id`, `last_label_id`, `band_name`, `years_active`, `formed_in`, `band_image_link`, `logo_image_link`, `notes`) VALUES ('11', '4', '11', '6', '25', '37', 'Mills, Pacocha and Conn', '2020', '1999', 'http://www.veumwaters.com/', 'http://reichelcruickshank.com/', '');
INSERT INTO `bands` (`country_id`, `location_early_id`, `location_later_id`, `status_band_id`, `current_label_id`, `last_label_id`, `band_name`, `years_active`, `formed_in`, `band_image_link`, `logo_image_link`, `notes`) VALUES ('45', '64', '26', '4', '35', '15', 'Boyer-Hauck', '1974', '1983', 'http://gulgowskistehr.com/', 'http://satterfield.com/', '');
INSERT INTO `bands` (`country_id`, `location_early_id`, `location_later_id`, `status_band_id`, `current_label_id`, `last_label_id`, `band_name`, `years_active`, `formed_in`, `band_image_link`, `logo_image_link`, `notes`) VALUES ('9', '272', '146', '3', '23', '28', 'Bayer, Weissnat and Fisher', '2020', '1997', '', 'http://kulas.com/', 'Quam ut perferendis libero quod sit molestias. Et officiis aut repellat reprehenderit ut.');
INSERT INTO `bands` (`country_id`, `location_early_id`, `location_later_id`, `status_band_id`, `current_label_id`, `last_label_id`, `band_name`, `years_active`, `formed_in`, `band_image_link`, `logo_image_link`, `notes`) VALUES ('56', '198', '292', '5', '12', '12', 'Ankunding-Batz', '1985', '0000', '', '', 'Nisi quia consequatur nulla. Nesciunt beatae aut autem. Rerum fuga repellat facere.');
INSERT INTO `bands` (`country_id`, `location_early_id`, `location_later_id`, `status_band_id`, `current_label_id`, `last_label_id`, `band_name`, `years_active`, `formed_in`, `band_image_link`, `logo_image_link`, `notes`) VALUES ('90', '261', '30', '1', '19', '28', 'Wilderman, Towne and Johnston', '1997', '1983', '', 'http://www.zemlakgrant.com/', 'Dolorem et doloribus assumenda. A sit laboriosam quia culpa dolores eius nesciunt.');
INSERT INTO `bands` (`country_id`, `location_early_id`, `location_later_id`, `status_band_id`, `current_label_id`, `last_label_id`, `band_name`, `years_active`, `formed_in`, `band_image_link`, `logo_image_link`, `notes`) VALUES ('84', '206', '63', '2', '3', '27', 'Mosciski-O\'Kon', '1976', '1979', 'http://howewalsh.com/', '', 'Ut rem magni exercitationem. Rerum nemo aut sequi doloribus est. Sunt et corrupti at.');
INSERT INTO `bands` (`country_id`, `location_early_id`, `location_later_id`, `status_band_id`, `current_label_id`, `last_label_id`, `band_name`, `years_active`, `formed_in`, `band_image_link`, `logo_image_link`, `notes`) VALUES ('1', '123', '102', '4', '39', '33', 'Rolfson PLC', '1985', '0000', 'http://koepp.com/', '', '');
INSERT INTO `bands` (`country_id`, `location_early_id`, `location_later_id`, `status_band_id`, `current_label_id`, `last_label_id`, `band_name`, `years_active`, `formed_in`, `band_image_link`, `logo_image_link`, `notes`) VALUES ('98', '109', '238', '4', '37', '8', 'Batz and Sons', '1987', '1994', 'http://satterfield.com/', '', '');
INSERT INTO `bands` (`country_id`, `location_early_id`, `location_later_id`, `status_band_id`, `current_label_id`, `last_label_id`, `band_name`, `years_active`, `formed_in`, `band_image_link`, `logo_image_link`, `notes`) VALUES ('47', '157', '109', '3', '30', '12', 'Prohaska Group', '1974', '0000', 'http://kiehndenesik.com/', 'http://ziemetrantow.com/', 'Quae nostrum molestiae ex earum. Quasi qui explicabo deserunt autem error.');
INSERT INTO `bands` (`country_id`, `location_early_id`, `location_later_id`, `status_band_id`, `current_label_id`, `last_label_id`, `band_name`, `years_active`, `formed_in`, `band_image_link`, `logo_image_link`, `notes`) VALUES ('43', '204', '280', '3', '13', '9', 'Walsh...', '1987', '2018', '', 'http://www.lockmanbartell.com/', '');
INSERT INTO `bands` (`country_id`, `location_early_id`, `location_later_id`, `status_band_id`, `current_label_id`, `last_label_id`, `band_name`, `years_active`, `formed_in`, `band_image_link`, `logo_image_link`, `notes`) VALUES ('39', '152', '51', '6', '12', '8', 'Hane-Shanahan', '2000', '0000', '', 'http://bayer.com/', 'Autem ducimus provident sint error eos maxime aut. Ut hic nostrum velit est qui illo.');
INSERT INTO `bands` (`country_id`, `location_early_id`, `location_later_id`, `status_band_id`, `current_label_id`, `last_label_id`, `band_name`, `years_active`, `formed_in`, `band_image_link`, `logo_image_link`, `notes`) VALUES ('54', '120', '236', '3', '15', '41', 'Howe Group', '1986', '0000', 'http://price.org/', 'http://www.torp.biz/', 'Eveniet sunt autem dolorum quae dolorem quas et. Iure quo cupiditate aut quibusdam quo accusamus.');
INSERT INTO `bands` (`country_id`, `location_early_id`, `location_later_id`, `status_band_id`, `current_label_id`, `last_label_id`, `band_name`, `years_active`, `formed_in`, `band_image_link`, `logo_image_link`, `notes`) VALUES ('67', '184', '206', '5', '7', '10', 'Reilly and Sons', '2004', '1994', '', 'http://haleyorn.net/', 'Quasi dolor veniam itaque eaque. Nihil dolor dolores qui placeat sint.');
INSERT INTO `bands` (`country_id`, `location_early_id`, `location_later_id`, `status_band_id`, `current_label_id`, `last_label_id`, `band_name`, `years_active`, `formed_in`, `band_image_link`, `logo_image_link`, `notes`) VALUES ('39', '106', '291', '1', '1', '24', 'McKenzie, Stokes and Davis', '2011', '2021', '', '', '');

UPDATE bands SET country_id = 1 WHERE location_early_id = 1;
UPDATE bands SET country_id = (
SELECT country_id
FROM locations
WHERE location_early_id = locations.id
);
UPDATE bands SET formed_in = 'N/A' WHERE formed_in = 0000;
UPDATE bands SET formed_in = years_active WHERE formed_in > years_active;
UPDATE bands SET years_active = CONCAT(years_active, '-present') WHERE status_band_id = 1;
UPDATE bands SET current_label_id = NULL WHERE status_band_id IN(5,6);
UPDATE bands SET last_label_id = NULL WHERE status_band_id IN(1,2,3,4);
UPDATE bands SET band_image_link = NULL WHERE band_image_link = '';
UPDATE bands SET logo_image_link = NULL WHERE logo_image_link = '';
UPDATE bands SET band_image_link = CONCAT('https://www.metal-archives.com/images/bands/', id, '_photo.jpg') WHERE band_image_link IS NOT NULL;
UPDATE bands SET logo_image_link = CONCAT('https://www.metal-archives.com/images/bands/', id, '_logo.jpg') WHERE logo_image_link IS NOT NULL;

INSERT INTO `bands_genres` (`band_id`, `genre_id`) VALUES (90, 25);
INSERT INTO `bands_genres` (`band_id`, `genre_id`) VALUES (191, 3);
INSERT INTO `bands_genres` (`band_id`, `genre_id`) VALUES (80, 11);
INSERT INTO `bands_genres` (`band_id`, `genre_id`) VALUES (86, 24);
INSERT INTO `bands_genres` (`band_id`, `genre_id`) VALUES (84, 11);
INSERT INTO `bands_genres` (`band_id`, `genre_id`) VALUES (114, 5);
INSERT INTO `bands_genres` (`band_id`, `genre_id`) VALUES (105, 19);
INSERT INTO `bands_genres` (`band_id`, `genre_id`) VALUES (34, 29);
INSERT INTO `bands_genres` (`band_id`, `genre_id`) VALUES (79, 26);
INSERT INTO `bands_genres` (`band_id`, `genre_id`) VALUES (23, 18);
INSERT INTO `bands_genres` (`band_id`, `genre_id`) VALUES (153, 23);
INSERT INTO `bands_genres` (`band_id`, `genre_id`) VALUES (136, 21);
INSERT INTO `bands_genres` (`band_id`, `genre_id`) VALUES (188, 13);
INSERT INTO `bands_genres` (`band_id`, `genre_id`) VALUES (11, 30);
INSERT INTO `bands_genres` (`band_id`, `genre_id`) VALUES (152, 28);
INSERT INTO `bands_genres` (`band_id`, `genre_id`) VALUES (197, 5);
INSERT INTO `bands_genres` (`band_id`, `genre_id`) VALUES (87, 14);
INSERT INTO `bands_genres` (`band_id`, `genre_id`) VALUES (14, 26);
INSERT INTO `bands_genres` (`band_id`, `genre_id`) VALUES (82, 29);
INSERT INTO `bands_genres` (`band_id`, `genre_id`) VALUES (123, 6);
INSERT INTO `bands_genres` (`band_id`, `genre_id`) VALUES (1, 6);
INSERT INTO `bands_genres` (`band_id`, `genre_id`) VALUES (101, 2);
INSERT INTO `bands_genres` (`band_id`, `genre_id`) VALUES (2, 27);
INSERT INTO `bands_genres` (`band_id`, `genre_id`) VALUES (185, 13);
INSERT INTO `bands_genres` (`band_id`, `genre_id`) VALUES (127, 6);
INSERT INTO `bands_genres` (`band_id`, `genre_id`) VALUES (20, 12);
INSERT INTO `bands_genres` (`band_id`, `genre_id`) VALUES (112, 15);
INSERT INTO `bands_genres` (`band_id`, `genre_id`) VALUES (175, 6);
INSERT INTO `bands_genres` (`band_id`, `genre_id`) VALUES (146, 13);
INSERT INTO `bands_genres` (`band_id`, `genre_id`) VALUES (95, 29);
INSERT INTO `bands_genres` (`band_id`, `genre_id`) VALUES (173, 27);
INSERT INTO `bands_genres` (`band_id`, `genre_id`) VALUES (47, 23);
INSERT INTO `bands_genres` (`band_id`, `genre_id`) VALUES (45, 5);
INSERT INTO `bands_genres` (`band_id`, `genre_id`) VALUES (99, 8);
INSERT INTO `bands_genres` (`band_id`, `genre_id`) VALUES (81, 7);
INSERT INTO `bands_genres` (`band_id`, `genre_id`) VALUES (77, 30);
INSERT INTO `bands_genres` (`band_id`, `genre_id`) VALUES (21, 13);
INSERT INTO `bands_genres` (`band_id`, `genre_id`) VALUES (121, 6);
INSERT INTO `bands_genres` (`band_id`, `genre_id`) VALUES (31, 18);
INSERT INTO `bands_genres` (`band_id`, `genre_id`) VALUES (122, 25);
INSERT INTO `bands_genres` (`band_id`, `genre_id`) VALUES (53, 15);
INSERT INTO `bands_genres` (`band_id`, `genre_id`) VALUES (194, 4);
INSERT INTO `bands_genres` (`band_id`, `genre_id`) VALUES (10, 8);
INSERT INTO `bands_genres` (`band_id`, `genre_id`) VALUES (56, 8);
INSERT INTO `bands_genres` (`band_id`, `genre_id`) VALUES (36, 6);
INSERT INTO `bands_genres` (`band_id`, `genre_id`) VALUES (50, 30);
INSERT INTO `bands_genres` (`band_id`, `genre_id`) VALUES (72, 6);
INSERT INTO `bands_genres` (`band_id`, `genre_id`) VALUES (83, 14);
INSERT INTO `bands_genres` (`band_id`, `genre_id`) VALUES (74, 29);
INSERT INTO `bands_genres` (`band_id`, `genre_id`) VALUES (108, 7);
INSERT INTO `bands_genres` (`band_id`, `genre_id`) VALUES (183, 24);
INSERT INTO `bands_genres` (`band_id`, `genre_id`) VALUES (103, 9);
INSERT INTO `bands_genres` (`band_id`, `genre_id`) VALUES (52, 21);
INSERT INTO `bands_genres` (`band_id`, `genre_id`) VALUES (97, 19);
INSERT INTO `bands_genres` (`band_id`, `genre_id`) VALUES (145, 25);
INSERT INTO `bands_genres` (`band_id`, `genre_id`) VALUES (180, 8);
INSERT INTO `bands_genres` (`band_id`, `genre_id`) VALUES (138, 8);
INSERT INTO `bands_genres` (`band_id`, `genre_id`) VALUES (104, 8);
INSERT INTO `bands_genres` (`band_id`, `genre_id`) VALUES (144, 9);
INSERT INTO `bands_genres` (`band_id`, `genre_id`) VALUES (16, 6);
INSERT INTO `bands_genres` (`band_id`, `genre_id`) VALUES (189, 11);
INSERT INTO `bands_genres` (`band_id`, `genre_id`) VALUES (177, 4);
INSERT INTO `bands_genres` (`band_id`, `genre_id`) VALUES (13, 24);
INSERT INTO `bands_genres` (`band_id`, `genre_id`) VALUES (73, 25);
INSERT INTO `bands_genres` (`band_id`, `genre_id`) VALUES (142, 26);
INSERT INTO `bands_genres` (`band_id`, `genre_id`) VALUES (198, 28);
INSERT INTO `bands_genres` (`band_id`, `genre_id`) VALUES (190, 11);
INSERT INTO `bands_genres` (`band_id`, `genre_id`) VALUES (163, 9);
INSERT INTO `bands_genres` (`band_id`, `genre_id`) VALUES (154, 5);
INSERT INTO `bands_genres` (`band_id`, `genre_id`) VALUES (124, 20);
INSERT INTO `bands_genres` (`band_id`, `genre_id`) VALUES (126, 17);
INSERT INTO `bands_genres` (`band_id`, `genre_id`) VALUES (179, 11);
INSERT INTO `bands_genres` (`band_id`, `genre_id`) VALUES (46, 1);
INSERT INTO `bands_genres` (`band_id`, `genre_id`) VALUES (181, 25);
INSERT INTO `bands_genres` (`band_id`, `genre_id`) VALUES (8, 11);
INSERT INTO `bands_genres` (`band_id`, `genre_id`) VALUES (64, 25);
INSERT INTO `bands_genres` (`band_id`, `genre_id`) VALUES (156, 25);
INSERT INTO `bands_genres` (`band_id`, `genre_id`) VALUES (17, 6);
INSERT INTO `bands_genres` (`band_id`, `genre_id`) VALUES (128, 5);
INSERT INTO `bands_genres` (`band_id`, `genre_id`) VALUES (187, 5);
INSERT INTO `bands_genres` (`band_id`, `genre_id`) VALUES (7, 25);
INSERT INTO `bands_genres` (`band_id`, `genre_id`) VALUES (111, 12);
INSERT INTO `bands_genres` (`band_id`, `genre_id`) VALUES (137, 11);
INSERT INTO `bands_genres` (`band_id`, `genre_id`) VALUES (196, 22);
INSERT INTO `bands_genres` (`band_id`, `genre_id`) VALUES (143, 10);
INSERT INTO `bands_genres` (`band_id`, `genre_id`) VALUES (76, 21);
INSERT INTO `bands_genres` (`band_id`, `genre_id`) VALUES (27, 22);
INSERT INTO `bands_genres` (`band_id`, `genre_id`) VALUES (25, 1);
INSERT INTO `bands_genres` (`band_id`, `genre_id`) VALUES (4, 17);
INSERT INTO `bands_genres` (`band_id`, `genre_id`) VALUES (63, 29);
INSERT INTO `bands_genres` (`band_id`, `genre_id`) VALUES (115, 1);
INSERT INTO `bands_genres` (`band_id`, `genre_id`) VALUES (119, 23);
INSERT INTO `bands_genres` (`band_id`, `genre_id`) VALUES (129, 4);
INSERT INTO `bands_genres` (`band_id`, `genre_id`) VALUES (3, 16);
INSERT INTO `bands_genres` (`band_id`, `genre_id`) VALUES (167, 10);
INSERT INTO `bands_genres` (`band_id`, `genre_id`) VALUES (30, 24);
INSERT INTO `bands_genres` (`band_id`, `genre_id`) VALUES (6, 25);
INSERT INTO `bands_genres` (`band_id`, `genre_id`) VALUES (141, 24);
INSERT INTO `bands_genres` (`band_id`, `genre_id`) VALUES (169, 15);
INSERT INTO `bands_genres` (`band_id`, `genre_id`) VALUES (186, 27);
INSERT INTO `bands_genres` (`band_id`, `genre_id`) VALUES (62, 25);
INSERT INTO `bands_genres` (`band_id`, `genre_id`) VALUES (28, 13);
INSERT INTO `bands_genres` (`band_id`, `genre_id`) VALUES (162, 11);
INSERT INTO `bands_genres` (`band_id`, `genre_id`) VALUES (66, 25);
INSERT INTO `bands_genres` (`band_id`, `genre_id`) VALUES (151, 23);
INSERT INTO `bands_genres` (`band_id`, `genre_id`) VALUES (164, 28);
INSERT INTO `bands_genres` (`band_id`, `genre_id`) VALUES (102, 29);
INSERT INTO `bands_genres` (`band_id`, `genre_id`) VALUES (39, 11);
INSERT INTO `bands_genres` (`band_id`, `genre_id`) VALUES (157, 10);
INSERT INTO `bands_genres` (`band_id`, `genre_id`) VALUES (160, 23);
INSERT INTO `bands_genres` (`band_id`, `genre_id`) VALUES (170, 6);
INSERT INTO `bands_genres` (`band_id`, `genre_id`) VALUES (60, 18);
INSERT INTO `bands_genres` (`band_id`, `genre_id`) VALUES (174, 12);
INSERT INTO `bands_genres` (`band_id`, `genre_id`) VALUES (29, 25);
INSERT INTO `bands_genres` (`band_id`, `genre_id`) VALUES (69, 4);
INSERT INTO `bands_genres` (`band_id`, `genre_id`) VALUES (159, 6);
INSERT INTO `bands_genres` (`band_id`, `genre_id`) VALUES (134, 2);
INSERT INTO `bands_genres` (`band_id`, `genre_id`) VALUES (51, 3);
INSERT INTO `bands_genres` (`band_id`, `genre_id`) VALUES (55, 18);
INSERT INTO `bands_genres` (`band_id`, `genre_id`) VALUES (71, 17);
INSERT INTO `bands_genres` (`band_id`, `genre_id`) VALUES (125, 12);
INSERT INTO `bands_genres` (`band_id`, `genre_id`) VALUES (58, 25);
INSERT INTO `bands_genres` (`band_id`, `genre_id`) VALUES (65, 17);
INSERT INTO `bands_genres` (`band_id`, `genre_id`) VALUES (118, 7);
INSERT INTO `bands_genres` (`band_id`, `genre_id`) VALUES (130, 27);
INSERT INTO `bands_genres` (`band_id`, `genre_id`) VALUES (150, 20);
INSERT INTO `bands_genres` (`band_id`, `genre_id`) VALUES (24, 8);
INSERT INTO `bands_genres` (`band_id`, `genre_id`) VALUES (88, 24);
INSERT INTO `bands_genres` (`band_id`, `genre_id`) VALUES (161, 22);
INSERT INTO `bands_genres` (`band_id`, `genre_id`) VALUES (110, 19);
INSERT INTO `bands_genres` (`band_id`, `genre_id`) VALUES (9, 9);
INSERT INTO `bands_genres` (`band_id`, `genre_id`) VALUES (49, 25);
INSERT INTO `bands_genres` (`band_id`, `genre_id`) VALUES (67, 8);
INSERT INTO `bands_genres` (`band_id`, `genre_id`) VALUES (193, 21);
INSERT INTO `bands_genres` (`band_id`, `genre_id`) VALUES (19, 13);
INSERT INTO `bands_genres` (`band_id`, `genre_id`) VALUES (37, 27);
INSERT INTO `bands_genres` (`band_id`, `genre_id`) VALUES (133, 2);
INSERT INTO `bands_genres` (`band_id`, `genre_id`) VALUES (140, 20);
INSERT INTO `bands_genres` (`band_id`, `genre_id`) VALUES (107, 28);
INSERT INTO `bands_genres` (`band_id`, `genre_id`) VALUES (182, 10);
INSERT INTO `bands_genres` (`band_id`, `genre_id`) VALUES (148, 9);
INSERT INTO `bands_genres` (`band_id`, `genre_id`) VALUES (184, 9);
INSERT INTO `bands_genres` (`band_id`, `genre_id`) VALUES (94, 8);
INSERT INTO `bands_genres` (`band_id`, `genre_id`) VALUES (54, 27);
INSERT INTO `bands_genres` (`band_id`, `genre_id`) VALUES (40, 22);
INSERT INTO `bands_genres` (`band_id`, `genre_id`) VALUES (85, 2);
INSERT INTO `bands_genres` (`band_id`, `genre_id`) VALUES (12, 14);
INSERT INTO `bands_genres` (`band_id`, `genre_id`) VALUES (113, 10);
INSERT INTO `bands_genres` (`band_id`, `genre_id`) VALUES (5, 7);
INSERT INTO `bands_genres` (`band_id`, `genre_id`) VALUES (42, 18);
INSERT INTO `bands_genres` (`band_id`, `genre_id`) VALUES (38, 21);
INSERT INTO `bands_genres` (`band_id`, `genre_id`) VALUES (166, 28);
INSERT INTO `bands_genres` (`band_id`, `genre_id`) VALUES (149, 1);
INSERT INTO `bands_genres` (`band_id`, `genre_id`) VALUES (91, 26);
INSERT INTO `bands_genres` (`band_id`, `genre_id`) VALUES (32, 18);
INSERT INTO `bands_genres` (`band_id`, `genre_id`) VALUES (35, 12);
INSERT INTO `bands_genres` (`band_id`, `genre_id`) VALUES (131, 10);
INSERT INTO `bands_genres` (`band_id`, `genre_id`) VALUES (59, 8);
INSERT INTO `bands_genres` (`band_id`, `genre_id`) VALUES (139, 3);
INSERT INTO `bands_genres` (`band_id`, `genre_id`) VALUES (147, 5);
INSERT INTO `bands_genres` (`band_id`, `genre_id`) VALUES (165, 27);
INSERT INTO `bands_genres` (`band_id`, `genre_id`) VALUES (18, 18);
INSERT INTO `bands_genres` (`band_id`, `genre_id`) VALUES (33, 27);
INSERT INTO `bands_genres` (`band_id`, `genre_id`) VALUES (89, 9);
INSERT INTO `bands_genres` (`band_id`, `genre_id`) VALUES (100, 26);
INSERT INTO `bands_genres` (`band_id`, `genre_id`) VALUES (48, 10);
INSERT INTO `bands_genres` (`band_id`, `genre_id`) VALUES (44, 23);
INSERT INTO `bands_genres` (`band_id`, `genre_id`) VALUES (178, 12);
INSERT INTO `bands_genres` (`band_id`, `genre_id`) VALUES (22, 8);
INSERT INTO `bands_genres` (`band_id`, `genre_id`) VALUES (117, 11);
INSERT INTO `bands_genres` (`band_id`, `genre_id`) VALUES (158, 30);
INSERT INTO `bands_genres` (`band_id`, `genre_id`) VALUES (116, 22);
INSERT INTO `bands_genres` (`band_id`, `genre_id`) VALUES (109, 5);
INSERT INTO `bands_genres` (`band_id`, `genre_id`) VALUES (135, 22);
INSERT INTO `bands_genres` (`band_id`, `genre_id`) VALUES (199, 12);
INSERT INTO `bands_genres` (`band_id`, `genre_id`) VALUES (132, 3);
INSERT INTO `bands_genres` (`band_id`, `genre_id`) VALUES (70, 15);
INSERT INTO `bands_genres` (`band_id`, `genre_id`) VALUES (168, 14);
INSERT INTO `bands_genres` (`band_id`, `genre_id`) VALUES (15, 19);
INSERT INTO `bands_genres` (`band_id`, `genre_id`) VALUES (61, 18);
INSERT INTO `bands_genres` (`band_id`, `genre_id`) VALUES (93, 6);
INSERT INTO `bands_genres` (`band_id`, `genre_id`) VALUES (192, 19);
INSERT INTO `bands_genres` (`band_id`, `genre_id`) VALUES (171, 10);
INSERT INTO `bands_genres` (`band_id`, `genre_id`) VALUES (200, 24);
INSERT INTO `bands_genres` (`band_id`, `genre_id`) VALUES (195, 27);
INSERT INTO `bands_genres` (`band_id`, `genre_id`) VALUES (98, 18);
INSERT INTO `bands_genres` (`band_id`, `genre_id`) VALUES (78, 30);
INSERT INTO `bands_genres` (`band_id`, `genre_id`) VALUES (172, 1);
INSERT INTO `bands_genres` (`band_id`, `genre_id`) VALUES (120, 25);
INSERT INTO `bands_genres` (`band_id`, `genre_id`) VALUES (75, 25);
INSERT INTO `bands_genres` (`band_id`, `genre_id`) VALUES (96, 16);
INSERT INTO `bands_genres` (`band_id`, `genre_id`) VALUES (92, 18);
INSERT INTO `bands_genres` (`band_id`, `genre_id`) VALUES (43, 9);
INSERT INTO `bands_genres` (`band_id`, `genre_id`) VALUES (57, 10);
INSERT INTO `bands_genres` (`band_id`, `genre_id`) VALUES (68, 4);
INSERT INTO `bands_genres` (`band_id`, `genre_id`) VALUES (41, 2);
INSERT INTO `bands_genres` (`band_id`, `genre_id`) VALUES (176, 27);
INSERT INTO `bands_genres` (`band_id`, `genre_id`) VALUES (26, 11);
INSERT INTO `bands_genres` (`band_id`, `genre_id`) VALUES (155, 28);
INSERT INTO `bands_genres` (`band_id`, `genre_id`) VALUES (106, 8);